ID,Name,rate,total_rate,Poster
tt0000001,Carmencita (1894) ,5.7,"1,625","https://m.media-amazon.com/images/M/MV5BZmUzOWFiNDAtNGRmZi00NTIxLWJiMTUtYzhkZGRlNzg1ZjFmXkEyXkFqcGdeQXVyNDE5MTU2MDE@._V1_UY268_CR1,0,182,268_AL_.jpg"
tt0000002,Le clown et ses chiens (1892) ,6.1,196,"https://m.media-amazon.com/images/M/MV5BZDI4ZDgwMWQtMjA3ZS00NmU5LTk5MGQtZTMyMGFlMjYyZmFlXkEyXkFqcGdeQXVyNTIzOTk5ODM@._V1_UY268_CR24,0,182,268_AL_.jpg"
tt0000003,Pauvre Pierrot (1892) ,6.5,"1,315","https://m.media-amazon.com/images/M/MV5BNGRkODFmNjYtYjU2Yy00YTI1LWFlYzgtNGE0YTdmNjI0ZDk0XkEyXkFqcGdeQXVyNDk0MDg4NDk@._V1_UX182_CR0,0,182,268_AL_.jpg"
tt0000004,Un bon bock (1892) ,6.2,119,"https://m.media-amazon.com/images/M/MV5BOGI5NjI1NjMtMjg4Mi00YTQyLThkYjgtNTI1YjlhNzZkOTZmXkEyXkFqcGdeQXVyNTIzOTk5ODM@._V1_UY268_CR16,0,182,268_AL_.jpg"
tt0000005,Blacksmith Scene (1893) ,6.1,"2,095","https://m.media-amazon.com/images/M/MV5BNDg0ZDg0YWYtYzMwYi00ZjVlLWI5YzUtNzBkNjlhZWM5ODk5XkEyXkFqcGdeQXVyNDk0MDg4NDk@._V1_UY268_CR87,0,182,268_AL_.jpg"
tt0000006,Chinese Opium Den (1894) ,5.2,113,"https://m.media-amazon.com/images/M/MV5BZjNlZTI1NjYtNjVkZi00MDBlLThjMDQtY2Q2NDZiZjllYmE3XkEyXkFqcGdeQXVyNzg5OTk2OA@@._V1_UY268_CR77,0,182,268_AL_.jpg"
tt0000007,Corbett and Courtney Before the Kinetograph (1894) ,5.4,644,"https://m.media-amazon.com/images/M/MV5BODA4ZTI3NWYtNzAyYi00Yjc5LTk0NDUtZWIzNzQzYzdkODgyXkEyXkFqcGdeQXVyNTM3MDMyMDQ@._V1_UY268_CR9,0,182,268_AL_.jpg"
tt0000008,Edison Kinetoscopic Record of a Sneeze (1894) ,5.4,"1,787","https://m.media-amazon.com/images/M/MV5BNzFkN2JkNjEtZDZhNi00NmVmLTg4YWUtOGMzZWQ4NzFmZWI0XkEyXkFqcGdeQXVyMDEyNzY3OA@@._V1_UY268_CR85,0,182,268_AL_.jpg"
tt0000009,Miss Jerry (1894) ,5.9,153,"https://m.media-amazon.com/images/M/MV5BNjA5Y2ZhYzctNDc1Yy00OGViLWI3NGUtOTYwZmE3NDFiYmIxXkEyXkFqcGdeQXVyNTIzOTk5ODM@._V1_UY268_CR72,0,182,268_AL_.jpg"
tt0000010,La sortie de l'usine Lumière à Lyon (1895) ,6.9,"5,955","https://m.media-amazon.com/images/M/MV5BOGUxOWUxZjMtZWUzZS00NTM0LTgzY2ItNTU2ZWY2NDNmNjE0XkEyXkFqcGdeQXVyODgzNDIwODA@._V1_UY268_CR87,0,182,268_AL_.jpg"
tt0000011,Akrobatisches Potpourri (1895) ,5.2,255,"https://m.media-amazon.com/images/M/MV5BNDhhMDVhMjUtYjA3MS00NjVhLWI3MTYtZjM5NjMyNDdjNjI0XkEyXkFqcGdeQXVyNTIzOTk5ODM@._V1_UY268_CR87,0,182,268_AL_.jpg"
tt0000012,The Arrival of a Train (1896) ,7.4,"10,150","https://m.media-amazon.com/images/M/MV5BZjE2MGVkMTAtMWIwYy00YzQ5LWE2YTAtMTU2NGJmNGNjY2IyXkEyXkFqcGdeQXVyNjMxMzM3NDI@._V1_UX182_CR0,0,182,268_AL_.jpg"
tt0000013,Neuville-sur-Saône: Débarquement du congrès des photographes à Lyon (1895) ,5.7,"1,553","https://m.media-amazon.com/images/M/MV5BOWFmNDcxOWEtNzI1OC00OGRhLWIzYjYtMmM3YmMxY2VmOTI1XkEyXkFqcGdeQXVyNzg5OTk2OA@@._V1_UY268_CR76,0,182,268_AL_.jpg"
tt0000014,L'arroseur arrosé (1895) ,7.2,"4,433","https://m.media-amazon.com/images/M/MV5BNGNjMDkzNDAtOGI1NS00MGIyLWFkZjgtYWNkYzhlZWYwMmIzXkEyXkFqcGdeQXVyNzMzMjU5NDY@._V1_UX182_CR0,0,182,268_AL_.jpg"
tt0000015,Autour d'une cabine (1894) ,6.1,800,"https://m.media-amazon.com/images/M/MV5BMGFjNWM4N2ItM2QyNy00YWRmLTgzMzItMjc0N2RjMjdlODdhXkEyXkFqcGdeQXVyMzQ5MjE2ODI@._V1_UY268_CR73,0,182,268_AL_.jpg"
tt0000016,Barque sortant du port (1895) ,5.9,"1,178","https://m.media-amazon.com/images/M/MV5BOTU5YzI1MWEtMmZmZS00N2U2LThiODktODM1NDQwZTZkNDE1XkEyXkFqcGdeQXVyNzg5OTk2OA@@._V1_UX182_CR0,0,182,268_AL_.jpg"
tt0000017,Italienischer Bauerntanz (1895) ,4.7,238,"https://m.media-amazon.com/images/M/MV5BMmQ5NTVhODgtZTVmZS00ZjhjLWE0YWYtMTk5M2U0ZGFhNjZmXkEyXkFqcGdeQXVyNTIzOTk5ODM@._V1_UY268_CR99,0,182,268_AL_.jpg"
tt0000018,Das boxende Känguruh (1895) ,5.3,472,"https://m.media-amazon.com/images/M/MV5BMGI3NDY2NmUtZmYwNi00OThhLWFhZWUtNmNiMTU3NzJmYmVkXkEyXkFqcGdeQXVyNzg5OTk2OA@@._V1_UY268_CR95,0,182,268_AL_.jpg"
tt0000019,The Clown Barber (1898) ,5.3,18,"https://m.media-amazon.com/images/M/MV5BMGI3NDY2NmUtZmYwNi00OThhLWFhZWUtNmNiMTU3NzJmYmVkXkEyXkFqcGdeQXVyNzg5OTk2OA@@._V1_UY268_CR95,0,182,268_AL_.jpg"
tt0000020,The Derby 1895 (1895) ,5,262,"https://m.media-amazon.com/images/M/MV5BODBkMmI0NDMtM2Y0Zi00YTU1LWJiODktZTJlYTkxNjA5ZWU0XkEyXkFqcGdeQXVyNTIzOTk5ODM@._V1_UY268_CR87,0,182,268_AL_.jpg"
tt0000022,Les forgerons (1895) ,5.1,871,"https://m.media-amazon.com/images/M/MV5BNTU3ZjQ4ZmUtNDlmOC00YWM1LTg0MDUtMTBkOGYwMGYwZjdlXkEyXkFqcGdeQXVyNzg5OTk2OA@@._V1_UX182_CR0,0,182,268_AL_.jpg"
tt0000023,Baignade en mer (1895) ,5.7,"1,121","https://m.media-amazon.com/images/M/MV5BODBiN2QxZjktZmMwZi00NWY3LWI0NjktZmE5MzUwMzIyZDNjXkEyXkFqcGdeQXVyNzg5OTk2OA@@._V1_UX182_CR0,0,182,268_AL_.jpg"
tt0000024,Opening of the Kiel Canal (1895) ,4.6,47,"https://m.media-amazon.com/images/M/MV5BNWNhYTg2M2EtYjQ2Ni00ZGEzLTkxNTctZDBkNWZjMDA5YTEzXkEyXkFqcGdeQXVyNTIzOTk5ODM@._V1_UY268_CR80,0,182,268_AL_.jpg"
tt0000025,The Oxford and Cambridge University Boat Race (1895) ,4.1,28,"https://m.media-amazon.com/images/M/MV5BOGFiZjVkYmYtYjkwZC00NWY0LWI0MGItYWYyNzNlMDNlN2Y2XkEyXkFqcGdeQXVyNzg5OTk2OA@@._V1_UY268_CR99,0,182,268_AL_.jpg"
tt0000026,Partie d'écarté (1896) ,5.7,"1,294","https://m.media-amazon.com/images/M/MV5BNGI0OTA4ODItMTE2My00OTNkLTk2MjYtZTcwZjRkOWVmMWU5XkEyXkFqcGdeQXVyNDE5MTU2MDE@._V1_UY268_CR1,0,182,268_AL_.jpg"
tt0000027,Place des Cordeliers à Lyon (1895) ,5.6,911,"https://m.media-amazon.com/images/M/MV5BNmZlNjdmMDUtNzY4ZC00Nzc3LTg0NDQtNmU2YjM3NTc4NmJjXkEyXkFqcGdeQXVyNzg5OTk2OA@@._V1_UY268_CR11,0,182,268_AL_.jpg"
tt0000028,La pêche aux poissons rouges (1895) ,5.2,844,"https://m.media-amazon.com/images/M/MV5BYTNkN2I5MGUtMWVmOS00OWE5LWE4ZDMtZjE1NjJiODJkNDc5L2ltYWdlL2ltYWdlXkEyXkFqcGdeQXVyNzg5OTk2OA@@._V1_UX182_CR0,0,182,268_AL_.jpg"
tt0000029,Repas de bébé (1895) ,5.9,"2,815","https://m.media-amazon.com/images/M/MV5BM2Q0ZDhkM2EtODFlOC00NzRiLWJhMmYtMmI0ZWQ0ZTdmMzBmXkEyXkFqcGdeQXVyNDE5MTU2MDE@._V1_UY268_CR1,0,182,268_AL_.jpg"
tt0000030,Rough Sea at Dover (1895) ,5.2,677,"https://m.media-amazon.com/images/M/MV5BOWFhNTM4MmYtMTBjZi00MWMyLWEyMjYtNjAwODcyM2U2NzM1XkEyXkFqcGdeQXVyNTM3MDMyMDQ@._V1_UY268_CR9,0,182,268_AL_.jpg"
tt0000031,Le saut à la couverture (1895) ,5.6,819,"https://m.media-amazon.com/images/M/MV5BOGFiZDkxODAtMzZlYy00YzE4LTk2MzAtZmE1MzYyODliYjUyXkEyXkFqcGdeQXVyNzg5OTk2OA@@._V1_UY268_CR87,0,182,268_AL_.jpg"
tt0000032,Die Serpentintänzerin (1895) ,5.1,334,"https://m.media-amazon.com/images/M/MV5BYzEzMGUyNjQtNTRjZC00OGY1LThmMTYtM2UwM2Q0ZWM3NzE2XkEyXkFqcGdeQXVyNzg5OTk2OA@@._V1_UX182_CR0,0,182,268_AL_.jpg"
tt0000033,La voltige (1895) ,5.6,844,"https://m.media-amazon.com/images/M/MV5BY2Q4YzE4ZDYtZTQxMC00N2QzLWE3YTgtYjI0NzIyNjdhZTVkXkEyXkFqcGdeQXVyNzg5OTk2OA@@._V1_UY268_CR88,0,182,268_AL_.jpg"
tt0000034,Arrivée d'un train gare de Vincennes (1896) ,5.4,125,"https://m.media-amazon.com/images/M/MV5BMmY0MThkYmItNjE4Yy00MjdmLTlkZmQtY2VlNDljMmE5ZDY4XkEyXkFqcGdeQXVyNTI2NTY2MDI@._V1_UY268_CR10,0,182,268_AL_.jpg"
tt0000035,L'arroseur (1896) ,5.5,57,"https://m.media-amazon.com/images/M/MV5BYWY1Mjc5YjktZWM3NC00NzM4LWI4MjctZGVjYjUyYjA0ZTU4XkEyXkFqcGdeQXVyNTI2NTY2MDI@._V1_UY268_CR10,0,182,268_AL_.jpg"
tt0000036,Awakening of Rip (1896) ,4.4,488,"https://m.media-amazon.com/images/M/MV5BZWM1OGIxYzYtMzI1ZC00NDZmLWEzNmMtOTc2Y2JjNTQ0NDAyL2ltYWdlL2ltYWdlXkEyXkFqcGdeQXVyNzg5OTk2OA@@._V1_UY268_CR9,0,182,268_AL_.jpg"
tt0000037,Baignade en mer (1896) ,4.6,41,"https://m.media-amazon.com/images/M/MV5BMzY5MDE4ZGUtMzE2Mi00YWMxLTk3YTctNzY4MTdmNDc5ZWFhXkEyXkFqcGdeQXVyNTI2NTY2MDI@._V1_UY268_CR10,0,182,268_AL_.jpg"
tt0000038,The Ball Game (1898) ,4.1,148,"https://m.media-amazon.com/images/M/MV5BMTU1Y2QxMWMtOGE2Ny00MWE5LWI2YTctOWU2MTQxNThhMzUzXkEyXkFqcGdeQXVyNzg5OTk2OA@@._V1_UY268_CR87,0,182,268_AL_.jpg"
tt0000039,Barnet Horse Fair (1896) ,3.7,14,"https://m.media-amazon.com/images/M/MV5BMTU1Y2QxMWMtOGE2Ny00MWE5LWI2YTctOWU2MTQxNThhMzUzXkEyXkFqcGdeQXVyNzg5OTk2OA@@._V1_UY268_CR87,0,182,268_AL_.jpg"
tt0000040,Barque sortant du port de Trouville (1896) ,4.2,37,"https://m.media-amazon.com/images/M/MV5BZTA1MTFhMTYtMmE3Mi00ZjQzLTkxOGQtNTEzZTk4NDZkOTIzXkEyXkFqcGdeQXVyNTI2NTY2MDI@._V1_UY268_CR10,0,182,268_AL_.jpg"
tt0000041,Bataille de neige (1897) ,6.6,"1,381","https://m.media-amazon.com/images/M/MV5BZmNlZGU4MDMtNmQzNS00ZGNlLWEzZjctZTUwNjRhZDc5NDllXkEyXkFqcGdeQXVyNDk0MDg4NDk@._V1_UY268_CR87,0,182,268_AL_.jpg"
tt0000042,Bateau-mouche sur la Seine (1896) ,4.5,22,"https://m.media-amazon.com/images/M/MV5BYjgwMjI3YzktNGZlNC00NmFlLWE0MzUtOGFjN2I3MmNiMjUzXkEyXkFqcGdeQXVyNTI2NTY2MDI@._V1_UY268_CR10,0,182,268_AL_.jpg"
tt0000043,Batteuse à vapeur (1896) ,3.6,13,"https://m.media-amazon.com/images/M/MV5BNmY5MmI4MzEtOWUwNS00MzI0LWI2MzAtYjY2YTc3ZGRkNWMwXkEyXkFqcGdeQXVyNTI2NTY2MDI@._V1_UY268_CR10,0,182,268_AL_.jpg"
tt0000044,Le bivouac (1896) ,4.6,28,"https://m.media-amazon.com/images/M/MV5BZjViODAyMjktNTRkOC00NDk1LTllZWUtOWM4ZjY3ZDBhODNkXkEyXkFqcGdeQXVyNTI2NTY2MDI@._V1_UY268_CR10,0,182,268_AL_.jpg"
tt0000045,Les blanchisseuses (1896) ,4.5,17,"https://m.media-amazon.com/images/M/MV5BNzBjZjI4YjYtNGIyOC00ZDQyLTg0OTctN2U2YmUyMjJiZTQzXkEyXkFqcGdeQXVyNTI2NTY2MDI@._V1_UY268_CR10,0,182,268_AL_.jpg"
tt0000046,Bois de Boulogne (1896) ,4.2,17,"https://m.media-amazon.com/images/M/MV5BZWM2N2MzMGMtNzNkNi00OTc2LTg5NDQtNWViNTA2MGIwNmFhXkEyXkFqcGdeQXVyNTI2NTY2MDI@._V1_UY268_CR10,0,182,268_AL_.jpg"
tt0000047,Boulevard des Italiens (1896) ,3.6,16,"https://m.media-amazon.com/images/M/MV5BYTU4MDhhNDAtNDNhOS00ZjRiLTk4OTQtOWQwNTkwN2I2MGNlXkEyXkFqcGdeQXVyNTI2NTY2MDI@._V1_UY268_CR10,0,182,268_AL_.jpg"
tt0000048,The Boxing Kangaroo (1896) ,4.9,122,"https://m.media-amazon.com/images/M/MV5BYWExYWNmNzQtODQwNS00OTcxLTk4NDMtYjBhNDQ0ZDJjZWJhXkEyXkFqcGdeQXVyNTIzOTk5ODM@._V1_UY268_CR147,0,182,268_AL_.jpg"
tt0000049,"Boxing Match; or, Glove Contest (1896) ",5.3,24,"https://m.media-amazon.com/images/M/MV5BNjQ0YzQwYjctMTljYi00MzhmLTliMGUtMTY2NzE3MjgzYzYzXkEyXkFqcGdeQXVyNTIzOTk5ODM@._V1_UY268_CR147,0,182,268_AL_.jpg"
tt0000050,Bébé et fillettes (1896) ,4.2,14,"https://m.media-amazon.com/images/M/MV5BYjBjMDRjYmEtODFiNy00NjJhLTk0ZjktMDQ3NmVkNDRmMzc2XkEyXkFqcGdeQXVyNTI2NTY2MDI@._V1_UY268_CR10,0,182,268_AL_.jpg"
tt0000051,Campement de bohémiens (1896) ,3.7,15,"https://m.media-amazon.com/images/M/MV5BYTE5ZGFjNWMtYzE2NC00ZGMzLTk3N2YtMzJhNjFiMmY1NmU1XkEyXkFqcGdeQXVyNTI2NTY2MDI@._V1_UY268_CR10,0,182,268_AL_.jpg"
tt0000052,Carga de rurales (1896) ,4.6,56,"https://m.media-amazon.com/images/M/MV5BMzAwYjlhYWEtNjcwOC00MmE4LWE4ZTAtZGVmMjNmOWMwYmYxXkEyXkFqcGdeQXVyNTIzOTk5ODM@._V1_UY268_CR106,0,182,268_AL_.jpg"
tt0000053,A Chegada do Comboio Inaugural à Estação Central do Porto (1897) ,2.8,8,"https://m.media-amazon.com/images/M/MV5BMzAwYjlhYWEtNjcwOC00MmE4LWE4ZTAtZGVmMjNmOWMwYmYxXkEyXkFqcGdeQXVyNTIzOTk5ODM@._V1_UY268_CR106,0,182,268_AL_.jpg"
tt0000054,Les chevaux de bois (1896) ,5.2,19,"https://m.media-amazon.com/images/M/MV5BZTdmZTMyMjEtODI3YS00ZWJlLWEwMWItYzFlYTc4OTc5MWZiXkEyXkFqcGdeQXVyNTI2NTY2MDI@._V1_UY268_CR10,0,182,268_AL_.jpg"
tt0000055,Le chiffonnier (1896) ,3.6,16,"https://m.media-amazon.com/images/M/MV5BNGYzOWFiZDQtNDllNS00NWZmLTljMjEtNDgxMzJkYzczYzY3XkEyXkFqcGdeQXVyNTI2NTY2MDI@._V1_UY268_CR10,0,182,268_AL_.jpg"
tt0000056,Uma Corrida de Touros no Campo Pequeno (1896) ,3.2,11,"https://m.media-amazon.com/images/M/MV5BNGYzOWFiZDQtNDllNS00NWZmLTljMjEtNDgxMzJkYzczYzY3XkEyXkFqcGdeQXVyNTI2NTY2MDI@._V1_UY268_CR10,0,182,268_AL_.jpg"
tt0000057,Cortège de tzar allant à Versailles (1896) ,4.3,15,"https://m.media-amazon.com/images/M/MV5BOGQ2YTdhMjYtZTI5OS00MDljLWE0NDYtMmNjZjNiNjQ3N2I5XkEyXkFqcGdeQXVyNTI2NTY2MDI@._V1_UY268_CR10,0,182,268_AL_.jpg"
tt0000058,Cortège de tzar au Bois de Boulogne (1896) ,4.2,14,"https://m.media-amazon.com/images/M/MV5BNjcwNjY4NDgtODY3Yi00MmQ0LTk4YzktNWJkNTk0ZmEyMDMxXkEyXkFqcGdeQXVyNTI2NTY2MDI@._V1_UY268_CR10,0,182,268_AL_.jpg"
tt0000059,Couronnement de la rosière (1896) ,3.5,14,"https://m.media-amazon.com/images/M/MV5BNjYxYjgxNWYtMWZiOC00YTJlLThhMzItMTVlZDZlZTM4ZDA4XkEyXkFqcGdeQXVyNTI2NTY2MDI@._V1_UY268_CR10,0,182,268_AL_.jpg"
tt0000060,Dancing Darkies (1896) ,7.6,61,"https://m.media-amazon.com/images/M/MV5BNjYxYjgxNWYtMWZiOC00YTJlLThhMzItMTVlZDZlZTM4ZDA4XkEyXkFqcGdeQXVyNTI2NTY2MDI@._V1_UY268_CR10,0,182,268_AL_.jpg"
tt0000061,Dancing Girls (1896) ,4,13,"https://m.media-amazon.com/images/M/MV5BNjYxYjgxNWYtMWZiOC00YTJlLThhMzItMTVlZDZlZTM4ZDA4XkEyXkFqcGdeQXVyNTI2NTY2MDI@._V1_UY268_CR10,0,182,268_AL_.jpg"
tt0000062,Danse serpentine (1896) ,6.5,157,"https://m.media-amazon.com/images/M/MV5BMjdhODcyMDQtOGQzYy00YTk5LTlmMTAtYjE2NjkyYTZlZDc1XkEyXkFqcGdeQXVyNTI2NTY2MDI@._V1_UY268_CR10,0,182,268_AL_.jpg"
tt0000063,Dessinateur express (1896) ,3.5,13,"https://m.media-amazon.com/images/M/MV5BNmQxNzJkNjctNDdhZi00NjliLTg0NTgtMmY4ODkzYmM3NTg4XkEyXkFqcGdeQXVyNTI2NTY2MDI@._V1_UY268_CR10,0,182,268_AL_.jpg"
tt0000064,Dessinateur: Chamberlain (1896) ,3.2,13,"https://m.media-amazon.com/images/M/MV5BYjRiMWQ2ZTItNmY4MS00NzM0LTk1NmUtZTI4ODJmYzQwYjE4XkEyXkFqcGdeQXVyNTI2NTY2MDI@._V1_UY268_CR10,0,182,268_AL_.jpg"
tt0000065,Dessinateur: Reine Victoria (1896) ,3.3,13,"https://m.media-amazon.com/images/M/MV5BMTViMjU5NGUtNDM3Yy00ZGQ3LTk3YTktMWJmYWFmMjVjNTViXkEyXkFqcGdeQXVyNTI2NTY2MDI@._V1_UY268_CR10,0,182,268_AL_.jpg"
tt0000066,Dessinateur: Von Bismark (1896) ,3.2,13,"https://m.media-amazon.com/images/M/MV5BZGUxMmJiZjEtMDdkNC00MGMzLWI3MTItOTJiYmNhOGM0Mjk5XkEyXkFqcGdeQXVyNTI2NTY2MDI@._V1_UY268_CR10,0,182,268_AL_.jpg"
tt0000067,Dix chapeaux en 60 secondes (1896) ,5.8,41,"https://m.media-amazon.com/images/M/MV5BZjIwN2UwODctZDY3OC00OGYxLWIxZWQtYmVhMzBjZGFiM2QyXkEyXkFqcGdeQXVyNTI2NTY2MDI@._V1_UY268_CR10,0,182,268_AL_.jpg"
tt0000068,Déchargement de bateaux (1896) ,3.7,12,"https://m.media-amazon.com/images/M/MV5BM2NjNDgwOTgtYTFjYS00ZDljLTgwNDktNjNmNzA3NWVkMzE5XkEyXkFqcGdeQXVyNTI2NTY2MDI@._V1_UY268_CR10,0,182,268_AL_.jpg"
tt0000069,Défense d'afficher (1896) ,4.9,343,"https://m.media-amazon.com/images/M/MV5BMTUxZmQzZjAtODM3NC00YWUyLWE2NmEtODAxODZmOGEzYzQwXkEyXkFqcGdeQXVyNDE5MTU2MDE@._V1_UY268_CR1,0,182,268_AL_.jpg"
tt0000070,Démolition d'un mur (1896) ,6.4,"2,225","https://m.media-amazon.com/images/M/MV5BNGViNzJkZWYtYzYxNi00YTU3LTg4MWMtOGJmM2RmMGY2ZTU1XkEyXkFqcGdeQXVyNzQzNzQxNzI@._V1_UX182_CR0,0,182,268_AL_.jpg"
tt0000071,Départ des automobiles (1896) ,3.5,15,"https://m.media-amazon.com/images/M/MV5BMGEwNGFmZmQtYTQxYS00N2M0LWI1MmQtMTg1OGY3ZmQ1NDM0XkEyXkFqcGdeQXVyNTI2NTY2MDI@._V1_UY268_CR10,0,182,268_AL_.jpg"
tt0000072,Départ des officiers (1896) ,4.2,14,"https://m.media-amazon.com/images/M/MV5BMzY1NDY3YjAtN2U0OS00NTdmLThmYjAtNzgwZGUxMDQzMzU0XkEyXkFqcGdeQXVyNTI2NTY2MDI@._V1_UY268_CR10,0,182,268_AL_.jpg"
tt0000073,Effets de mer sur les rochers (1896) ,3.7,12,"https://m.media-amazon.com/images/M/MV5BYjFjODlhY2MtZWVhMy00NzYwLWFmZWEtYTU0OGViMDRjMmYwXkEyXkFqcGdeQXVyNTI2NTY2MDI@._V1_UY268_CR10,0,182,268_AL_.jpg"
tt0000074,Enfants jouant sur la plage (1896) ,4.2,15,"https://m.media-amazon.com/images/M/MV5BNTYyNzdiYWQtYjNjNi00NmU0LWI5MDktY2NjMjA4NDQyNjk0XkEyXkFqcGdeQXVyNTI2NTY2MDI@._V1_UY268_CR10,0,182,268_AL_.jpg"
tt0000075,Escamotage d'une dame au théâtre Robert Houdin (1896) ,6.3,"1,532","https://m.media-amazon.com/images/M/MV5BNGRhNTcxMDMtYTMyMi00ZTIxLThiOWUtMTgwZDA2Njk4YTFjXkEyXkFqcGdeQXVyNDE5MTU2MDE@._V1_UY268_CR1,0,182,268_AL_.jpg"
tt0000076,Exit of Rip and the Dwarf (1896) ,4.5,425,"https://m.media-amazon.com/images/M/MV5BZGZkYTJhZmQtNTY0NC00OWI2LWIwODUtNTM2ZGQzZmE0ZjgxL2ltYWdlL2ltYWdlXkEyXkFqcGdeQXVyNDE4OTY5NzI@._V1_UY268_CR9,0,182,268_AL_.jpg"
tt0000077,"Le fakir, mystère indien (1896) ",4.8,18,"https://m.media-amazon.com/images/M/MV5BOGY0ZWRhYWYtYzMxYy00MmUyLTkxNmQtZjZhYWRhNDdlNzQ4XkEyXkFqcGdeQXVyNTI2NTY2MDI@._V1_UY268_CR10,0,182,268_AL_.jpg"
tt0000078,Feira de Gado na Corujeira (1896) ,4.2,48,"https://m.media-amazon.com/images/M/MV5BMDEzMDU1NTMtOWEwYi00MGMxLTkzYzItYzdiYTcwNTdkNzhlXkEyXkFqcGdeQXVyNTIzOTk5ODM@._V1_UY268_CR95,0,182,268_AL_.jpg"
tt0000079,La gare Saint-Lazare (1896) ,4.4,17,"https://m.media-amazon.com/images/M/MV5BOTUyYjgzNWYtOGY0OC00N2M5LWE3YTQtMjZlZGM4ZTg5M2I4XkEyXkFqcGdeQXVyNTI2NTY2MDI@._V1_UY268_CR10,0,182,268_AL_.jpg"
tt0000080,Grandes manoeuvres (1896) ,4.1,13,"https://m.media-amazon.com/images/M/MV5BZmFlZWZkZTUtMGZkZS00NjlkLWIxNGMtZWI2OWZhZmI3OTY0XkEyXkFqcGdeQXVyNTI2NTY2MDI@._V1_UY268_CR10,0,182,268_AL_.jpg"
tt0000081,Les haleurs de bateaux (1896) ,4.1,14,"https://m.media-amazon.com/images/M/MV5BM2ZlYjA4NmItZTYxYy00MGFiLTg3MWUtNzZmYjE1ODZmMThjXkEyXkFqcGdeQXVyNTI2NTY2MDI@._V1_UY268_CR10,0,182,268_AL_.jpg"
tt0000082,A Hard Wash (1896) ,4.8,24,"https://m.media-amazon.com/images/M/MV5BNDlkNzgyZjgtNGNkZS00YjU1LTgwNGQtZmE1MDNkODk3NDg2XkEyXkFqcGdeQXVyNzg5OTk2OA@@._V1_UY268_CR88,0,182,268_AL_.jpg"
tt0000083,Les indiscrets (1896) ,4.7,18,"https://m.media-amazon.com/images/M/MV5BZTI1MmZjNzUtMzNhNy00ZmFjLTg4ZjMtY2Q5ZDZjN2JkYTRkXkEyXkFqcGdeQXVyNTI2NTY2MDI@._V1_UY268_CR10,0,182,268_AL_.jpg"
tt0000084,Les ivrognes (1896) ,4.4,15,"https://m.media-amazon.com/images/M/MV5BODE1YTc5OTgtNmU0Mi00YjlkLWExYmEtZmMwOWUwYWQyOTJiXkEyXkFqcGdeQXVyNTI2NTY2MDI@._V1_UY268_CR10,0,182,268_AL_.jpg"
tt0000085,Jardinier brûlant des herbes (1896) ,4.8,16,"https://m.media-amazon.com/images/M/MV5BNWQwODg2MjgtZTNiNy00MTY3LTg1NzItODdkZGE5Njk4Mzg2XkEyXkFqcGdeQXVyNTI2NTY2MDI@._V1_UY268_CR10,0,182,268_AL_.jpg"
tt0000086,Jetée et plage de Trouville (1er partie) (1896) ,4.1,14,"https://m.media-amazon.com/images/M/MV5BNzdmZjgzMmQtNWNmYS00NTIzLTkxYjctNmUxYmJlMDAzZDk4XkEyXkFqcGdeQXVyNTI2NTY2MDI@._V1_UY268_CR10,0,182,268_AL_.jpg"
tt0000087,Jetée et plage de Trouville (2e partie) (1896) ,4.8,18,"https://m.media-amazon.com/images/M/MV5BMzc0NzBiODgtZjM2NS00M2JlLWIyODItMmEwYzRlMTc0NjkxXkEyXkFqcGdeQXVyNTI2NTY2MDI@._V1_UY268_CR10,0,182,268_AL_.jpg"
tt0000088,Jour de marché à Trouville (1896) ,4.7,15,"https://m.media-amazon.com/images/M/MV5BNzk2YWYyYTMtMTNjNC00ZDExLWI4NzItNmI5MDM1Y2UyNTVmXkEyXkFqcGdeQXVyNTI2NTY2MDI@._V1_UY268_CR10,0,182,268_AL_.jpg"
tt0000089,Départ de Jérusalem en chemin de fer (1897) ,6.3,825,"https://m.media-amazon.com/images/M/MV5BMDU2YjNjMzAtNzZmMi00MWNiLTlkNjEtYzA3ZTcwYmJiOTBkXkEyXkFqcGdeQXVyMjMyMzI4MzY@._V1_UY268_CR85,0,182,268_AL_.jpg"
tt0000090,Libération des territoriaux (1896) ,4,14,"https://m.media-amazon.com/images/M/MV5BMWU0ZTgwZDUtYzNlZS00YWU5LWI0YjQtOTc4YzEzNTc5YjQ5XkEyXkFqcGdeQXVyNTI2NTY2MDI@._V1_UY268_CR10,0,182,268_AL_.jpg"
tt0000091,Le manoir du diable (1896) ,6.7,"2,730","https://m.media-amazon.com/images/M/MV5BY2RkZDBmNjEtYzdhMC00ODg4LWEwN2EtMmJlMTM4MGQwMGQxXkEyXkFqcGdeQXVyNDE5MTU2MDE@._V1_UY268_CR1,0,182,268_AL_.jpg"
tt0000092,Marée montante sur Brise-Larmes (1896) ,4.7,12,"https://m.media-amazon.com/images/M/MV5BOTFmMTU3YmMtMmVlMi00MmM1LTk5MTYtOGU5Yzk0NTAwNWJkXkEyXkFqcGdeQXVyNTI2NTY2MDI@._V1_UY268_CR10,0,182,268_AL_.jpg"
tt0000093,Melbourne (1896) ,4.9,64,"https://m.media-amazon.com/images/M/MV5BOTFmMTU3YmMtMmVlMi00MmM1LTk5MTYtOGU5Yzk0NTAwNWJkXkEyXkFqcGdeQXVyNTI2NTY2MDI@._V1_UY268_CR10,0,182,268_AL_.jpg"
tt0000094,Miss de Vere (1896) ,4.3,13,"https://m.media-amazon.com/images/M/MV5BMTg1NmIzNTItMDg2MC00YTEwLThhZDAtZmY5NGVmOGMxZmU0XkEyXkFqcGdeQXVyNTI2NTY2MDI@._V1_UY268_CR10,0,182,268_AL_.jpg"
tt0000095,Le papier protée (1896) ,4.8,20,"https://m.media-amazon.com/images/M/MV5BYTNkY2UwZDMtZThhYy00Y2NkLWI4MjEtM2ZmNjkxYjAwMDQ3XkEyXkFqcGdeQXVyNTI2NTY2MDI@._V1_UY268_CR10,0,182,268_AL_.jpg"
tt0000096,Place Saint-Augustin (1896) ,4.5,11,"https://m.media-amazon.com/images/M/MV5BYzE1MmRiZjgtMmVmYi00MDQ2LTk2OTUtNjY5ODkyOWMzZDJkXkEyXkFqcGdeQXVyNTI2NTY2MDI@._V1_UY268_CR10,0,182,268_AL_.jpg"
tt0000097,"Place de l'Opéra, 1er aspect (1896) ",4.9,17,"https://m.media-amazon.com/images/M/MV5BMDI3MWNlNDItMDU0MC00YzkzLTgyZTktYTVhM2I3MjU3NjY3XkEyXkFqcGdeQXVyNTI2NTY2MDI@._V1_UY268_CR10,0,182,268_AL_.jpg"
tt0000098,"Place de l'Opéra, 2e aspect (1896) ",5.5,19,"https://m.media-amazon.com/images/M/MV5BMjUxMDllMjItYTYyYi00MTc4LWI4ZjAtOTMxOWFkMGQwYzAxXkEyXkFqcGdeQXVyNTI2NTY2MDI@._V1_UY268_CR10,0,182,268_AL_.jpg"
tt0000099,Place de la Bastille (1896) ,4.7,14,"https://m.media-amazon.com/images/M/MV5BYTc4MWM2MGQtMGQyZS00ZDZmLWEyMTEtYzU1Y2UyMDdiMWJiXkEyXkFqcGdeQXVyNTI2NTY2MDI@._V1_UY268_CR10,0,182,268_AL_.jpg"
tt0000100,Place de la Concorde (1896) ,5,32,"https://m.media-amazon.com/images/M/MV5BZWI3NDRiOWUtMmZmYS00ODA0LThiNTItOWIzMjAxZGMwMTI3XkEyXkFqcGdeQXVyNTI2NTY2MDI@._V1_UY268_CR10,0,182,268_AL_.jpg"
tt0000101,Place du théâtre français (1896) ,4.7,12,"https://m.media-amazon.com/images/M/MV5BYzYxNTRiNGItYzFmZC00Mjk4LWEyZTktNDY0ZTQ0ZDY0ZDc0XkEyXkFqcGdeQXVyNTI2NTY2MDI@._V1_UY268_CR10,0,182,268_AL_.jpg"
tt0000102,Plage de Villiers par gros temps (1896) ,4.8,13,"https://m.media-amazon.com/images/M/MV5BOTY4NzVkNGMtODMxNS00MTAwLWE4MmMtZTU3YTRlZTFmNmU5XkEyXkFqcGdeQXVyNTI2NTY2MDI@._V1_UY268_CR10,0,182,268_AL_.jpg"
tt0000103,Plus fort que le maître (1896) ,5.8,15,"https://m.media-amazon.com/images/M/MV5BNDgxYjBjY2QtYjg5Mi00MGI2LWFlZWUtNWI5MDAzOTMyOGM4XkEyXkFqcGdeQXVyNTI2NTY2MDI@._V1_UY268_CR10,0,182,268_AL_.jpg"
tt0000104,Pompiers à Lyon (1896) ,5.5,379,"https://m.media-amazon.com/images/M/MV5BY2Y1MGI0Y2UtODA4Yy00ZTkzLWEwMGYtMzE2MWZjMWE3MjZkXkEyXkFqcGdeQXVyNTIzOTk5ODM@._V1_UY268_CR84,0,182,268_AL_.jpg"
tt0000105,Les quais à Marseille (1896) ,5.5,13,"https://m.media-amazon.com/images/M/MV5BYTg2ZmIzNjUtNDJhOS00YmY4LTkxNzEtYTA1ODNkZGE4NmQ0XkEyXkFqcGdeQXVyNTI2NTY2MDI@._V1_UY268_CR10,0,182,268_AL_.jpg"
tt0000106,Retour au cantonnement (1896) ,4.6,11,"https://m.media-amazon.com/images/M/MV5BOTA0MTA3ZGUtMjEzOS00ZWI5LTg4M2YtMThlYjBiMWU5NzhlXkEyXkFqcGdeQXVyNTI2NTY2MDI@._V1_UY268_CR10,0,182,268_AL_.jpg"
tt0000107,Revue navale à Cherbourg (1896) ,5.7,13,"https://m.media-amazon.com/images/M/MV5BMzY4OTZkYmEtYWNiYy00NWU5LTk5OTItODUwMjI2ZGY5NDhjXkEyXkFqcGdeQXVyNTI2NTY2MDI@._V1_UY268_CR10,0,182,268_AL_.jpg"
tt0000108,Rip Leaving Sleepy Hollow (1896) ,4.4,439,"https://m.media-amazon.com/images/M/MV5BMDI4YmU1MjUtMGMyNi00NTM0LTliZDktYTk1YWMzNjlmMGQ3L2ltYWdlL2ltYWdlXkEyXkFqcGdeQXVyNzg5OTk2OA@@._V1_UY268_CR9,0,182,268_AL_.jpg"
tt0000109,Rip Meeting the Dwarf (1896) ,4.5,432,"https://m.media-amazon.com/images/M/MV5BNjJhZjUzODMtZjg4ZS00OTQ3LWFhYjctYzYxZDM5OGNmZWFlL2ltYWdlL2ltYWdlXkEyXkFqcGdeQXVyNzg5OTk2OA@@._V1_UY268_CR9,0,182,268_AL_.jpg"
tt0000110,Rip Passing Over the Mountain (1896) ,4.4,436,"https://m.media-amazon.com/images/M/MV5BZGZkYTJhZmQtNTY0NC00OWI2LWIwODUtNTM2ZGQzZmE0ZjgxL2ltYWdlL2ltYWdlXkEyXkFqcGdeQXVyNDE4OTY5NzI@._V1_UY268_CR9,0,182,268_AL_.jpg"
tt0000111,Rip's Toast (1896) ,4.5,444,"https://m.media-amazon.com/images/M/MV5BMDUyMzcxN2ItZWYxOS00ZDE0LTkwYjAtNjFiMDVmYWY1YWU5L2ltYWdlL2ltYWdlXkEyXkFqcGdeQXVyNzg5OTk2OA@@._V1_UY268_CR9,0,182,268_AL_.jpg"
tt0000112,Rip's Toast to Hudson (1896) ,4.5,433,"https://m.media-amazon.com/images/M/MV5BZTkwNzFjYjUtNDhkMi00MWU4LThlZjktY2I4ZTUxYzU0OTZhL2ltYWdlL2ltYWdlXkEyXkFqcGdeQXVyNzg5OTk2OA@@._V1_UY268_CR9,0,182,268_AL_.jpg"
tt0000113,Rip's Twenty Years' Sleep (1896) ,4.4,448,"https://m.media-amazon.com/images/M/MV5BZGZkYTJhZmQtNTY0NC00OWI2LWIwODUtNTM2ZGQzZmE0ZjgxL2ltYWdlL2ltYWdlXkEyXkFqcGdeQXVyNDE4OTY5NzI@._V1_UY268_CR9,0,182,268_AL_.jpg"
tt0000114,Le régiment (1896) ,5.6,14,"https://m.media-amazon.com/images/M/MV5BODZiNWJhMTEtNTFhNy00ZjVjLWFmYTEtZTIxOTgyYmY3M2NkXkEyXkFqcGdeQXVyNTI2NTY2MDI@._V1_UY268_CR10,0,182,268_AL_.jpg"
tt0000115,Réunion d'officiers (1896) ,5.2,17,"https://m.media-amazon.com/images/M/MV5BNTVmNTViMzgtOWFmNS00MWNjLWI3MjEtYjAxZTcwZjI0ZWJjXkEyXkFqcGdeQXVyNTI2NTY2MDI@._V1_UY268_CR10,0,182,268_AL_.jpg"
tt0000116,Sac au dos (1896) ,5.6,14,"https://m.media-amazon.com/images/M/MV5BMjFlZDBhNWEtYzQ5OC00OGRkLTgyMmQtNTk1NjVkNzdmNjQ1XkEyXkFqcGdeQXVyNTI2NTY2MDI@._V1_UY268_CR10,0,182,268_AL_.jpg"
tt0000117,"Saída do Pessoal Operário da Fábrica Confiança (1896) ",5.1,116,"https://m.media-amazon.com/images/M/MV5BMjlkYjFlYjktMzZiMS00YzBjLWE1ZGEtNjc0N2U1YTFjM2VkXkEyXkFqcGdeQXVyMjUyMTE3MTc@._V1_UX182_CR0,0,182,268_AL_.jpg"
tt0000118,Salut malencontreux d'un déserteur (1896) ,5.6,15,"https://m.media-amazon.com/images/M/MV5BYzhjNDRjZTAtOTljYS00ZDcxLTk4ZmItZWEwZjQxMTQ1NTU0XkEyXkFqcGdeQXVyNTI2NTY2MDI@._V1_UY268_CR10,0,182,268_AL_.jpg"
tt0000119,"Sauvetage en rivière, 1er (1896) ",5.7,27,"https://m.media-amazon.com/images/M/MV5BYjAyYjNmNzItMGJiMi00MmE0LWJkNTItZDRlZDAzZjA0MzliXkEyXkFqcGdeQXVyNTI2NTY2MDI@._V1_UY268_CR10,0,182,268_AL_.jpg"
tt0000120,"Sauvetage en rivière, 2e (1896) ",5.6,28,"https://m.media-amazon.com/images/M/MV5BZDU0YWFmNjUtNTlkYi00Y2Q4LTgzZGQtNTU0N2FjNTk5NjA4XkEyXkFqcGdeQXVyNTI2NTY2MDI@._V1_UY268_CR10,0,182,268_AL_.jpg"
tt0000121,The Soldier's Courtship (1896) ,4.5,46,"https://m.media-amazon.com/images/M/MV5BMTczNTkxNzgtZjllOC00NGE4LWFjMTQtNGQyZDI5ZDRhOTY3XkEyXkFqcGdeQXVyNTIzOTk5ODM@._V1_UY268_CR155,0,182,268_AL_.jpg"
tt0000122,Sortie des ateliers Vibert (1896) ,5.6,14,"https://m.media-amazon.com/images/M/MV5BMDk5ODllNWItZTdmZS00OTg1LTllZmItZDhjYmFiYjY5NTI0XkEyXkFqcGdeQXVyNTI2NTY2MDI@._V1_UY268_CR10,0,182,268_AL_.jpg"
tt0000123,Séance de prestidigitation (1896) ,5.8,71,"https://m.media-amazon.com/images/M/MV5BZDcwOWExZGYtMzk3Mi00ODczLWE3MTQtNGRhNjMyMTBlMGY1XkEyXkFqcGdeQXVyNzUyMjQ3NTQ@._V1_UY268_CR13,0,182,268_AL_.jpg"
tt0000124,Tempête sur la jetée du treport (1896) ,5.7,15,"https://m.media-amazon.com/images/M/MV5BNDkwYmY1ZTAtOTY3Yy00NjdkLWE4OGUtZDljNjg2OTZhMjRmXkEyXkFqcGdeQXVyNTI2NTY2MDI@._V1_UY268_CR10,0,182,268_AL_.jpg"
tt0000125,The Terrible Railway Accident (1896) ,4.7,7,"https://m.media-amazon.com/images/M/MV5BNDkwYmY1ZTAtOTY3Yy00NjdkLWE4OGUtZDljNjg2OTZhMjRmXkEyXkFqcGdeQXVyNTI2NTY2MDI@._V1_UY268_CR10,0,182,268_AL_.jpg"
tt0000126,Tom Old Boot (1896) ,5.8,16,"https://m.media-amazon.com/images/M/MV5BNTVmOTVhOWYtMDAyNy00MzdmLWEzNGMtZTdhYTMxNzgyNzI0XkEyXkFqcGdeQXVyNTI2NTY2MDI@._V1_UY268_CR10,0,182,268_AL_.jpg"
tt0000127,Les tribulations d'un concierge (1896) ,4.5,13,"https://m.media-amazon.com/images/M/MV5BNmYwZDljNWMtM2Y2My00MDkxLWIxMzgtMWFkZjgyNDAwNzNmXkEyXkFqcGdeQXVyNTI2NTY2MDI@._V1_UY268_CR10,0,182,268_AL_.jpg"
tt0000128,Un lycée de jeunes filles (1896) ,5.9,24,"https://m.media-amazon.com/images/M/MV5BYWYyYTExMzItMGYwNi00ZDkwLWE4MTAtNjk1YTM1YjFkN2IzXkEyXkFqcGdeQXVyNTI2NTY2MDI@._V1_UY268_CR10,0,182,268_AL_.jpg"
tt0000129,Un petit diable (1896) ,6.7,35,"https://m.media-amazon.com/images/M/MV5BZDMyMzNkY2EtMGIwMC00ODQ2LWI0ZGMtMzU0Njk0YmY1NDljXkEyXkFqcGdeQXVyNTI2NTY2MDI@._V1_UY268_CR10,0,182,268_AL_.jpg"
tt0000130,Une altercation au café (1896) ,5.5,15,"https://m.media-amazon.com/images/M/MV5BMzZmYmZkNDYtMWUzZi00NWEwLTkyZWUtMjRhYjE0NDI1Y2VkXkEyXkFqcGdeQXVyNTI2NTY2MDI@._V1_UY268_CR10,0,182,268_AL_.jpg"
tt0000131,Une nuit terrible (1896) ,5.8,"1,064","https://m.media-amazon.com/images/M/MV5BMzQxNDllZmYtZDE4MC00YTQ1LThiZmItNTIwNTA1NDdjOTVkXkEyXkFqcGdeQXVyNDE5MTU2MDE@._V1_UY268_CR1,0,182,268_AL_.jpg"
tt0000132,Une partie de cartes (1896) ,5.1,858,"https://m.media-amazon.com/images/M/MV5BODQ0NGEyMjgtMDdhMC00ZTc3LWIyMjktNTQyYzFiMmY0OGRhXkEyXkFqcGdeQXVyNDE5MTU2MDE@._V1_UY268_CR1,0,182,268_AL_.jpg"
tt0000133,La voiture du potier (1896) ,6.5,22,"https://m.media-amazon.com/images/M/MV5BMmQyNGUxNzYtZGNjNi00YjAzLTlkZGUtNzkyMjUxMzdmOTFkXkEyXkFqcGdeQXVyNTI2NTY2MDI@._V1_UY268_CR10,0,182,268_AL_.jpg"
tt0000134,The Wandering Negro Minstrels (1896) ,4.7,7,"https://m.media-amazon.com/images/M/MV5BMmQyNGUxNzYtZGNjNi00YjAzLTlkZGUtNzkyMjUxMzdmOTFkXkEyXkFqcGdeQXVyNTI2NTY2MDI@._V1_UY268_CR10,0,182,268_AL_.jpg"
tt0000135,A Watermelon Feast (1896) ,6.7,51,"https://m.media-amazon.com/images/M/MV5BZmQ0ZTE5YjMtNGQwYy00YTNkLTgyMmEtYzk4MWE3OWJlNzlhXkEyXkFqcGdeQXVyNTIzOTk5ODM@._V1_UY268_CR99,0,182,268_AL_.jpg"
tt0000136,L'arroseur arrosé (1897) ,6.3,309,"https://m.media-amazon.com/images/M/MV5BZDAzMDUzNTYtN2I0MC00MGU3LWI1NDQtNWM3NGU3MTBjYjk1XkEyXkFqcGdeQXVyNTIzOTk5ODM@._V1_UY268_CR87,0,182,268_AL_.jpg"
tt0000137,Au réfectoire (1897) ,4.8,11,"https://m.media-amazon.com/images/M/MV5BZDAzMDUzNTYtN2I0MC00MGU3LWI1NDQtNWM3NGU3MTBjYjk1XkEyXkFqcGdeQXVyNTIzOTk5ODM@._V1_UY268_CR87,0,182,268_AL_.jpg"
tt0000138,L'auberge ensorcelée (1897) ,6.5,835,"https://m.media-amazon.com/images/M/MV5BYjIyNTA4NjgtMTczZC00OWE3LTkzNzMtNmZjOTljNDgwNjc3XkEyXkFqcGdeQXVyNDE5MTU2MDE@._V1_UY268_CR1,0,182,268_AL_.jpg"
tt0000139,L'aveugle (1897) ,5.4,15,"https://m.media-amazon.com/images/M/MV5BYjIyNTA4NjgtMTczZC00OWE3LTkzNzMtNmZjOTljNDgwNjc3XkEyXkFqcGdeQXVyNDE5MTU2MDE@._V1_UY268_CR1,0,182,268_AL_.jpg"
tt0000140,Baignade dans le torrent (1897) ,5,221,"https://m.media-amazon.com/images/M/MV5BY2RlNjBjM2EtZDNkZS00YjM4LWFhZTYtYjZmYmI1ZjJkOTYxXkEyXkFqcGdeQXVyNTIzOTk5ODM@._V1_UY268_CR87,0,182,268_AL_.jpg"
tt0000141,Ballet libella (1897) ,5.3,57,"https://m.media-amazon.com/images/M/MV5BZWEzZjdkZmQtODUxMy00NDc0LTg4YjAtNjY2MzE2NTU1MTcwXkEyXkFqcGdeQXVyNTIzOTk5ODM@._V1_UX182_CR0,0,182,268_AL_.jpg"
tt0000142,Buffalo Bill and Escort (1897) ,4.7,10,"https://m.media-amazon.com/images/M/MV5BZWEzZjdkZmQtODUxMy00NDc0LTg4YjAtNjY2MzE2NTU1MTcwXkEyXkFqcGdeQXVyNTIzOTk5ODM@._V1_UX182_CR0,0,182,268_AL_.jpg"
tt0000143,Les cambrioleurs (1897) ,4.9,199,"https://m.media-amazon.com/images/M/MV5BNzdjNzVhMzMtYTVkOC00YWQxLTk0NzYtODVmN2M4MTMxNTczXkEyXkFqcGdeQXVyNTIzOTk5ODM@._V1_UY268_CR79,0,182,268_AL_.jpg"
tt0000144,Chez le magnétiseur (1897) ,5.2,220,"https://m.media-amazon.com/images/M/MV5BOTg5ODBhNTAtYmZlZS00ODgyLWI2M2MtZGY3ZTVlMWQxOWYxXkEyXkFqcGdeQXVyNTIzOTk5ODM@._V1_UY268_CR87,0,182,268_AL_.jpg"
tt0000145,En classe (1897) ,3.8,6,"https://m.media-amazon.com/images/M/MV5BOTg5ODBhNTAtYmZlZS00ODgyLWI2M2MtZGY3ZTVlMWQxOWYxXkEyXkFqcGdeQXVyNTIzOTk5ODM@._V1_UY268_CR87,0,182,268_AL_.jpg"
tt0000146,Le cocher de fiacre endormi (1897) ,5.2,13,"https://m.media-amazon.com/images/M/MV5BOTg5ODBhNTAtYmZlZS00ODgyLWI2M2MtZGY3ZTVlMWQxOWYxXkEyXkFqcGdeQXVyNTIzOTk5ODM@._V1_UY268_CR87,0,182,268_AL_.jpg"
tt0000147,The Corbett-Fitzsimmons Fight (1897) ,5.2,350,"https://m.media-amazon.com/images/M/MV5BMTBiNzVjZjUtN2NmZS00YjhjLWI1ZDctZDYyZTM0NTEwNGY3XkEyXkFqcGdeQXVyNzg5OTk2OA@@._V1_UY268_CR90,0,182,268_AL_.jpg"
tt0000148,Le Coucher d'Yvette (1897) ,3.7,6,"https://m.media-amazon.com/images/M/MV5BMTBiNzVjZjUtN2NmZS00YjhjLWI1ZDctZDYyZTM0NTEwNGY3XkEyXkFqcGdeQXVyNzg5OTk2OA@@._V1_UY268_CR90,0,182,268_AL_.jpg"
tt0000149,Dans les coulisses (1897) ,4.7,10,"https://m.media-amazon.com/images/M/MV5BOThlNTEzMTUtZTQ0ZS00YmJmLTlmNmEtNWE5NDI3ZDg0OWYwXkEyXkFqcGdeQXVyNTI2NTY2MDI@._V1_UY268_CR10,0,182,268_AL_.jpg"
tt0000150,Danse fleur de lotus (1897) ,5.3,108,"https://m.media-amazon.com/images/M/MV5BMTM3MzJmMDEtNDJhNi00NDIzLThkODYtMjVhODhjNjY1OGIxXkEyXkFqcGdeQXVyNTIzOTk5ODM@._V1_UX182_CR0,0,182,268_AL_.jpg"
tt0000151,Faust et Marguerite (1897) ,5.3,30,"https://m.media-amazon.com/images/M/MV5BNzA4NzRlYzItNDg5ZC00YjEzLWJlNWEtYTZiOWVhNWZhY2NlXkEyXkFqcGdeQXVyNTI2NTY2MDI@._V1_UY268_CR10,0,182,268_AL_.jpg"
tt0000152,L'hallucination de l'alchimiste (1897) ,6.1,173,"https://m.media-amazon.com/images/M/MV5BY2VkMzJkN2EtNzJlYi00MTM1LTkyYTctNzBkZDVhNjZhZWE5XkEyXkFqcGdeQXVyNTI2NTY2MDI@._V1_UY268_CR10,0,182,268_AL_.jpg"
tt0000153,The Haunted Castle (1897) ,5.7,322,"https://m.media-amazon.com/images/M/MV5BNDI0ODM1MTctN2YwOS00NTJhLWIwNmUtZDk5YWFiYTI3NDFlXkEyXkFqcGdeQXVyNzk3ODM4NQ@@._V1_UY268_CR87,0,182,268_AL_.jpg"
tt0000154,Henley Regatta (1897) ,4.1,7,"https://m.media-amazon.com/images/M/MV5BNDI0ODM1MTctN2YwOS00NTJhLWIwNmUtZDk5YWFiYTI3NDFlXkEyXkFqcGdeQXVyNzk3ODM4NQ@@._V1_UY268_CR87,0,182,268_AL_.jpg"
tt0000155,Le magnétiseur (1897) ,4.9,13,"https://m.media-amazon.com/images/M/MV5BNWVlOGU5NzAtYzc4NC00YzhmLWJjMjUtMGFkNjAzNTZmYmQ2XkEyXkFqcGdeQXVyNTI2NTY2MDI@._V1_UY268_CR10,0,182,268_AL_.jpg"
tt0000156,L'hôtel empoisonné (1896) ,4.1,11,"https://m.media-amazon.com/images/M/MV5BZWZmZmQzNDEtYmYyNC00YjBlLWI3MjMtMDM5NmFjMzJjYjM4XkEyXkFqcGdeQXVyNTI2NTY2MDI@._V1_UY268_CR10,0,182,268_AL_.jpg"
tt0000157,Idylle (1897) ,4.1,7,"https://m.media-amazon.com/images/M/MV5BZWZmZmQzNDEtYmYyNC00YjBlLWI3MjMtMDM5NmFjMzJjYjM4XkEyXkFqcGdeQXVyNTI2NTY2MDI@._V1_UY268_CR10,0,182,268_AL_.jpg"
tt0000158,Idylle interrompue (1897) ,3.4,7,"https://m.media-amazon.com/images/M/MV5BZWZmZmQzNDEtYmYyNC00YjBlLWI3MjMtMDM5NmFjMzJjYjM4XkEyXkFqcGdeQXVyNTI2NTY2MDI@._V1_UY268_CR10,0,182,268_AL_.jpg"
tt0000159,Le cabinet de Méphistophélès (1897) ,5.3,65,"https://m.media-amazon.com/images/M/MV5BNTk0NWVlMjEtN2QwNy00M2IyLWFkYWYtNTM0NGIxOWE4YTA4XkEyXkFqcGdeQXVyNTI2NTY2MDI@._V1_UY268_CR10,0,182,268_AL_.jpg"
tt0000160,The Last Days of Pompeii (1900) ,5.2,9,"https://m.media-amazon.com/images/M/MV5BNTk0NWVlMjEtN2QwNy00M2IyLWFkYWYtNTM0NGIxOWE4YTA4XkEyXkFqcGdeQXVyNTI2NTY2MDI@._V1_UY268_CR10,0,182,268_AL_.jpg"
tt0000161,Leçon de danse (1897) ,3.9,7,"https://m.media-amazon.com/images/M/MV5BNTk0NWVlMjEtN2QwNy00M2IyLWFkYWYtNTM0NGIxOWE4YTA4XkEyXkFqcGdeQXVyNTI2NTY2MDI@._V1_UY268_CR10,0,182,268_AL_.jpg"
tt0000162,Les chutes (1897) ,5.3,392,"https://m.media-amazon.com/images/M/MV5BNjg2YmE4MzUtYWQ1Ny00ZWM3LWFjZTMtMTVhODMxN2YzZjFhXkEyXkFqcGdeQXVyNTM3MDMyMDQ@._V1_UY268_CR9,0,182,268_AL_.jpg"
tt0000164,Le pêcheur dans le torrent (1897) ,5,226,"https://m.media-amazon.com/images/M/MV5BZDZmZTdmNDItMzdlYy00MjZiLTlhMTQtMDRkNDVlYjM1NjY1XkEyXkFqcGdeQXVyNTIzOTk5ODM@._V1_UY268_CR87,0,182,268_AL_.jpg"
tt0000165,Riña en un café (1897) ,5.1,85,"https://m.media-amazon.com/images/M/MV5BNDg4NWNkOTEtYmNjNi00YjZhLTk2NWEtOThjNDhjMGMyMjRkXkEyXkFqcGdeQXVyNTIzOTk5ODM@._V1_UY268_CR151,0,182,268_AL_.jpg"
tt0000166,"Salida de los trabajadores de la fábrica España Industrial (1897) ",4.1,7,"https://m.media-amazon.com/images/M/MV5BNDg4NWNkOTEtYmNjNi00YjZhLTk2NWEtOThjNDhjMGMyMjRkXkEyXkFqcGdeQXVyNTIzOTk5ODM@._V1_UY268_CR151,0,182,268_AL_.jpg"
tt0000167,Salida de misa de doce del Pilar de Zaragoza (1897) ,4.5,98,"https://m.media-amazon.com/images/M/MV5BOGQwOTNmMjItZmE2MC00NzIwLTk5OTMtZjFhOTJlZGIwMTRhXkEyXkFqcGdeQXVyNDUzNzExOTE@._V1_UY268_CR51,0,182,268_AL_.jpg"
tt0000168,Salida del público de la iglesia parroquial de Santa María de Sans (1897) ,3.4,7,"https://m.media-amazon.com/images/M/MV5BOGQwOTNmMjItZmE2MC00NzIwLTk5OTMtZjFhOTJlZGIwMTRhXkEyXkFqcGdeQXVyNDUzNzExOTE@._V1_UY268_CR51,0,182,268_AL_.jpg"
tt0000169,Slagsmål i gamla Stockholm (1897) ,4.1,17,"https://m.media-amazon.com/images/M/MV5BN2JlNzE4MDUtY2Q0NS00OTE5LWIxZjEtNGY1NWIyZDdlZjdkXkEyXkFqcGdeQXVyMjI3MDczMjI@._V1_UY268_CR9,0,182,268_AL_.jpg"
tt0000170,The Twins' Tea Party (1896) ,5.3,178,"https://m.media-amazon.com/images/M/MV5BNTZiMDI3ZDktOWI3NS00YWIxLThkZDAtNGVjZGY0OTU0MzZhXkEyXkFqcGdeQXVyNzUyMjQ3NTQ@._V1_UY268_CR2,0,182,268_AL_.jpg"
tt0000172,The X-Ray Fiend (1897) ,6.1,645,"https://m.media-amazon.com/images/M/MV5BYTgwMWE0NWItZDQzYi00YWRhLTlhMzctMGNlMGJmZjE5ODE0XkEyXkFqcGdeQXVyNDU1Mzg3ODE@._V1_UX182_CR0,0,182,268_AL_.jpg"
tt0000173,Battle of Santiago Bay (1898) ,4.6,17,"https://m.media-amazon.com/images/M/MV5BYTgwMWE0NWItZDQzYi00YWRhLTlhMzctMGNlMGJmZjE5ODE0XkEyXkFqcGdeQXVyNDU1Mzg3ODE@._V1_UX182_CR0,0,182,268_AL_.jpg"
tt0000174,"Výstavní párkar a lepic plakátù (1898) ",4.7,103,"https://m.media-amazon.com/images/M/MV5BNGE4ZWNjM2MtY2M2Mi00MDkyLTljMTQtZDgzNmMxNDkwNDkyXkEyXkFqcGdeQXVyNTIzOTk5ODM@._V1_UX182_CR0,0,182,268_AL_.jpg"
tt0000175,A Sea Cave Near Lisbon (1896) ,5,159,"https://m.media-amazon.com/images/M/MV5BOTI3MjMyZTEtZWZjZC00MzViLTk3YmEtYjVhMjIwNWMzYTM1XkEyXkFqcGdeQXVyNTIzOTk5ODM@._V1_UX182_CR0,0,182,268_AL_.jpg"
tt0000177,The Burglar on the Roof (1898) ,4.6,184,"https://m.media-amazon.com/images/M/MV5BZDg0NmUwNDgtZmEwYS00MmU2LTg5NDQtZTQ5YTdlNmQxM2ZiXkEyXkFqcGdeQXVyNTM3MDMyMDQ@._V1_UY268_CR9,0,182,268_AL_.jpg"
tt0000178,The Cavalier's Dream (1898) ,5.3,90,"https://m.media-amazon.com/images/M/MV5BMzBiZWQ4YTAtOGE1Zi00MDE3LTgwMGMtNTA2ZTI4MGRlNGYyXkEyXkFqcGdeQXVyNzg5OTk2OA@@._V1_UY268_CR97,0,182,268_AL_.jpg"
tt0000179,La caverne maudite (1898) ,4.5,21,"https://m.media-amazon.com/images/M/MV5BNTJjZTljZjEtZjExMy00MDU2LWIyOGQtZjhjODdhYWYxNzUzXkEyXkFqcGdeQXVyNTI2NTY2MDI@._V1_UY268_CR10,0,182,268_AL_.jpg"
tt0000181,Cinderella (1898) ,6.9,33,"https://m.media-amazon.com/images/M/MV5BNTJjZTljZjEtZjExMy00MDU2LWIyOGQtZjhjODdhYWYxNzUzXkEyXkFqcGdeQXVyNTI2NTY2MDI@._V1_UY268_CR10,0,182,268_AL_.jpg"
tt0000182,"Come Along, Do! (1898) ",4.9,464,"https://m.media-amazon.com/images/M/MV5BYTQ4ZWY2YWItMzkxOS00ZTkwLWI4M2ItZjNiMDk4MjY1OWI3XkEyXkFqcGdeQXVyNTIzOTk5ODM@._V1_UY268_CR87,0,182,268_AL_.jpg"
tt0000183,The Corsican Brothers (1898) ,6.1,16,"https://m.media-amazon.com/images/M/MV5BYTQ4ZWY2YWItMzkxOS00ZTkwLWI4M2ItZjNiMDk4MjY1OWI3XkEyXkFqcGdeQXVyNTIzOTk5ODM@._V1_UY268_CR87,0,182,268_AL_.jpg"
tt0000184,Cripple Creek Bar-Room Scene (1899) ,4.8,254,"https://m.media-amazon.com/images/M/MV5BNjg1MGM4Y2MtYThkNy00NDc0LWIxMzItYzk0MDc1ZTRhNTkxXkEyXkFqcGdeQXVyNzg5OTk2OA@@._V1_UY268_CR87,0,182,268_AL_.jpg"
tt0000186,Le cuirassé Maine (1898) ,4.1,11,"https://m.media-amazon.com/images/M/MV5BYWE0ZGMxNTMtNDVmNi00MThkLWE5YTQtODg3ZmE4ZjRlNmYwXkEyXkFqcGdeQXVyNTI2NTY2MDI@._V1_UY268_CR10,0,182,268_AL_.jpg"
tt0000187,La cène (1898) ,5.3,34,"https://m.media-amazon.com/images/M/MV5BYWE0ZGMxNTMtNDVmNi00MThkLWE5YTQtODg3ZmE4ZjRlNmYwXkEyXkFqcGdeQXVyNTI2NTY2MDI@._V1_UY268_CR10,0,182,268_AL_.jpg"
tt0000190,Dostavenícko ve mlýnici (1898) ,5.1,114,"https://m.media-amazon.com/images/M/MV5BMjA5NzFlNzUtYzIzZS00ZjQxLWFmYzItN2JlYmNjZDdhYjUwXkEyXkFqcGdeQXVyNTIzOTk5ODM@._V1_UY268_CR127,0,182,268_AL_.jpg"
tt0000192,"Ella Lola, a la Trilby (1898) ",4.4,131,"https://m.media-amazon.com/images/M/MV5BZDgzZWZlNWQtNTE5YS00ODRmLTkyYTAtOGIyZDAzNGYwYmVhXkEyXkFqcGdeQXVyNzg5OTk2OA@@._V1_UX182_CR0,0,182,268_AL_.jpg"
tt0000194,Express Train on a Railway Cutting (1898) ,5.4,64,"https://m.media-amazon.com/images/M/MV5BZDgzZWZlNWQtNTE5YS00ODRmLTkyYTAtOGIyZDAzNGYwYmVhXkEyXkFqcGdeQXVyNzg5OTk2OA@@._V1_UX182_CR0,0,182,268_AL_.jpg"
tt0000196,Faust and Mephistopheles (1898) ,4.9,16,"https://m.media-amazon.com/images/M/MV5BZjM0ZjY0ZTMtZGJkNi00ZDVmLTg3YTYtZDI3ZGVmMjI2N2E4XkEyXkFqcGdeQXVyMzU3NzExNTc@._V1_UY268_CR86,0,182,268_AL_.jpg"
tt0000197,La flagellation (1898) ,4.7,10,"https://m.media-amazon.com/images/M/MV5BZjM0ZjY0ZTMtZGJkNi00ZDVmLTg3YTYtZDI3ZGVmMjI2N2E4XkEyXkFqcGdeQXVyMzU3NzExNTc@._V1_UY268_CR86,0,182,268_AL_.jpg"
tt0000198,La fuite en Égypte (1898) ,4.8,9,"https://m.media-amazon.com/images/M/MV5BZjM0ZjY0ZTMtZGJkNi00ZDVmLTg3YTYtZDI3ZGVmMjI2N2E4XkEyXkFqcGdeQXVyMzU3NzExNTc@._V1_UY268_CR86,0,182,268_AL_.jpg"
tt0000204,Jésus devant Pilate (1898) ,5.7,6,"https://m.media-amazon.com/images/M/MV5BZjM0ZjY0ZTMtZGJkNi00ZDVmLTg3YTYtZDI3ZGVmMjI2N2E4XkEyXkFqcGdeQXVyMzU3NzExNTc@._V1_UY268_CR86,0,182,268_AL_.jpg"
tt0000205,Leçons de boxe (1898) ,5.3,19,"https://m.media-amazon.com/images/M/MV5BZmM3N2YxZDMtYzUxNS00NjU4LWIyZjMtYjE1OGE4NTJmMDcyXkEyXkFqcGdeQXVyNzg5OTk2OA@@._V1_UY268_CR85,0,182,268_AL_.jpg"
tt0000206,"Llegada de un tren a la estación de ferrocarril del Norte, de Barcelona (1898) ",4.8,6,"https://m.media-amazon.com/images/M/MV5BZmM3N2YxZDMtYzUxNS00NjU4LWIyZjMtYjE1OGE4NTJmMDcyXkEyXkFqcGdeQXVyNzg5OTk2OA@@._V1_UY268_CR85,0,182,268_AL_.jpg"
tt0000208,The Miller and the Sweep (1897) ,5.7,461,"https://m.media-amazon.com/images/M/MV5BZTZlZDU0YmUtZGE4NS00YzhlLWI5N2UtNTU0ZDZjMDljNTNhXkEyXkFqcGdeQXVyMDM1MzIyMQ@@._V1_UX182_CR0,0,182,268_AL_.jpg"
tt0000209,Photographing a Ghost (1898) ,5,14,"https://m.media-amazon.com/images/M/MV5BZTZlZDU0YmUtZGE4NS00YzhlLWI5N2UtNTU0ZDZjMDljNTNhXkEyXkFqcGdeQXVyMDM1MzIyMQ@@._V1_UX182_CR0,0,182,268_AL_.jpg"
tt0000210,Les rayons Röntgen (1898) ,5.1,16,"https://m.media-amazon.com/images/M/MV5BYTg2MWNlMmEtNGRiYS00OTc3LTg0N2ItYzIwNGUzMjIyN2M2XkEyXkFqcGdeQXVyNTI2NTY2MDI@._V1_UY268_CR10,0,182,268_AL_.jpg"
tt0000211,La lune à un mètre (1898) ,7.5,"3,288","https://m.media-amazon.com/images/M/MV5BYmMwZTIwYTEtNDcxZi00NThlLWE2YmYtZmZlNGQzYzZlMDc1XkEyXkFqcGdeQXVyNDE5MTU2MDE@._V1_UY268_CR1,0,182,268_AL_.jpg"
tt0000213,Scène d'escamotage (1898) ,4.5,182,"https://m.media-amazon.com/images/M/MV5BYzQ5ZjhhZTYtZDdkYi00Njk0LTljNjctMmMyM2UzYTkzMzE3XkEyXkFqcGdeQXVyNTM3MDMyMDQ@._V1_UY268_CR9,0,182,268_AL_.jpg"
tt0000214,Tearing Down the Spanish Flag (1898) ,4.7,58,"https://m.media-amazon.com/images/M/MV5BYjFlYzc0Y2MtNTIxMy00ZWQ3LTlmNTQtZDk3NzRlMmNlODhiXkEyXkFqcGdeQXVyNzg5OTk2OA@@._V1_UY268_CR87,0,182,268_AL_.jpg"
tt0000215,"Smích a plác (1898) ",4.4,97,"https://m.media-amazon.com/images/M/MV5BMWNjYzkxMGQtMDgwMy00MTUyLTg1NGMtYjhiYzE4YjNiMjI1XkEyXkFqcGdeQXVyNzg5OTk2OA@@._V1_UY268_CR97,0,182,268_AL_.jpg"
tt0000218,L'affaire Dreyfus (1899) ,5.9,492,"https://m.media-amazon.com/images/M/MV5BMDRhNjMwZmUtNGUzOS00YmMwLTk4NjgtYjczNjkyYTU0MDU4XkEyXkFqcGdeQXVyNzUyMjQ3NTQ@._V1_UY268_CR9,0,182,268_AL_.jpg"
tt0000219,Aladdin and the Wonderful Lamp (1899) ,6.7,23,"https://m.media-amazon.com/images/M/MV5BMDRhNjMwZmUtNGUzOS00YmMwLTk4NjgtYjczNjkyYTU0MDU4XkEyXkFqcGdeQXVyNzUyMjQ3NTQ@._V1_UY268_CR9,0,182,268_AL_.jpg"
tt0000222,Au cabaret (1899) ,4.6,184,"https://m.media-amazon.com/images/M/MV5BMDQ0OWZjZGQtYmQ3NC00NWMzLTlmZWUtYzQxYmEwNDIwMWU2XkEyXkFqcGdeQXVyNTM3MDMyMDQ@._V1_UY268_CR9,0,182,268_AL_.jpg"
tt0000223,L'aveugle (1899) ,5.4,11,"https://m.media-amazon.com/images/M/MV5BMDQ0OWZjZGQtYmQ3NC00NWMzLTlmZWUtYzQxYmEwNDIwMWU2XkEyXkFqcGdeQXVyNTM3MDMyMDQ@._V1_UY268_CR9,0,182,268_AL_.jpg"
tt0000225,La belle et la bête (1899) ,5.1,18,"https://m.media-amazon.com/images/M/MV5BMDQ0OWZjZGQtYmQ3NC00NWMzLTlmZWUtYzQxYmEwNDIwMWU2XkEyXkFqcGdeQXVyNTM3MDMyMDQ@._V1_UY268_CR9,0,182,268_AL_.jpg"
tt0000228,La bonne absinthe (1899) ,4.8,215,"https://m.media-amazon.com/images/M/MV5BMDVjYzdmZGEtMDYzMC00NTVlLTkyYmItZjU1ZGViZmMxZTJkXkEyXkFqcGdeQXVyNTM3MDMyMDQ@._V1_UY268_CR9,0,182,268_AL_.jpg"
tt0000229,Casey at the Bat (1899) ,4.4,79,"https://m.media-amazon.com/images/M/MV5BYjA4YTM4YjgtMWEzNC00MTc5LThhYzItZmYzNWU0MDQxZjA2XkEyXkFqcGdeQXVyNTM3MDMyMDQ@._V1_UY268_CR9,0,182,268_AL_.jpg"
tt0000230,Cendrillon (1899) ,6.5,"1,321","https://m.media-amazon.com/images/M/MV5BODA0NDg4ODYtZTFkYy00ZGVkLWIzMTgtZmJjNzU4YmE2YjBiXkEyXkFqcGdeQXVyNDE5MTU2MDE@._V1_UY268_CR1,0,182,268_AL_.jpg"
tt0000231,Portuguese Railway Train (1896) ,3.6,7,"https://m.media-amazon.com/images/M/MV5BODA0NDg4ODYtZTFkYy00ZGVkLWIzMTgtZmJjNzU4YmE2YjBiXkEyXkFqcGdeQXVyNDE5MTU2MDE@._V1_UY268_CR1,0,182,268_AL_.jpg"
tt0000234,Cléopâtre (1899) ,6.1,35,"https://m.media-amazon.com/images/M/MV5BOWQxODEwMDItMWMxZS00ZTA3LTg5NmYtYTRjNzlmODQzY2I5XkEyXkFqcGdeQXVyNTI2NTY2MDI@._V1_UY268_CR10,0,182,268_AL_.jpg"
tt0000235,La colonne de feu (1899) ,6.2,551,"https://m.media-amazon.com/images/M/MV5BNzVlOGRiNjktY2ZlOS00MjliLTgzOWQtZjU5YjlmYTZjODgxXkEyXkFqcGdeQXVyNDE5MTU2MDE@._V1_UY268_CR1,0,182,268_AL_.jpg"
tt0000239,Danse serpentine par Mme. Bob Walter (1899) ,5.4,188,"https://m.media-amazon.com/images/M/MV5BOTI1NTMxOTEtYjA3NS00ZWMyLWE2ZmUtYjFkMjMwMDE1NDYzXkEyXkFqcGdeQXVyNzg5OTk2OA@@._V1_UX182_CR0,0,182,268_AL_.jpg"
tt0000240,Distributing a War Extra (1899) ,4.3,47,"https://m.media-amazon.com/images/M/MV5BOTI1NTMxOTEtYjA3NS00ZWMyLWE2ZmUtYjFkMjMwMDE1NDYzXkEyXkFqcGdeQXVyNzg5OTk2OA@@._V1_UX182_CR0,0,182,268_AL_.jpg"
tt0000242,Le diable au couvent (1899) ,6.4,881,"https://m.media-amazon.com/images/M/MV5BNzc1MmY2NzAtNzVhNi00MzViLWE3NDgtNGEwMTI5OTNjMDUzXkEyXkFqcGdeQXVyNDE5MTU2MDE@._V1_UY268_CR1,0,182,268_AL_.jpg"
tt0000245,The Haunted House (1899) ,6.3,22,"https://m.media-amazon.com/images/M/MV5BNzc1MmY2NzAtNzVhNi00MzViLWE3NDgtNGEwMTI5OTNjMDUzXkEyXkFqcGdeQXVyNDE5MTU2MDE@._V1_UY268_CR1,0,182,268_AL_.jpg"
tt0000246,L'impressionniste fin de siècle (1899) ,6.4,896,"https://m.media-amazon.com/images/M/MV5BMDQ4Mjk5MmYtNDAxYi00N2VlLWEyOTItNzg0YWI5MTMwYmRjXkEyXkFqcGdeQXVyNTI2NTY2MDI@._V1_UY268_CR10,0,182,268_AL_.jpg"
tt0000247,King John (1899) ,5,398,"https://m.media-amazon.com/images/M/MV5BZDkxNGU4MGEtNTM1ZS00Mzg2LWJkNDAtNzFmMDZlYjA4MzE0XkEyXkFqcGdeQXVyMjIzMTEyMzU@._V1_UY268_CR112,0,182,268_AL_.jpg"
tt0000248,The Kiss in the Tunnel (1899) ,6,"1,290","https://m.media-amazon.com/images/M/MV5BZDVlZGVlMzItMWYzMy00ZDJkLWE1OTItOTBlNjI5OGRiMTNmXkEyXkFqcGdeQXVyNDE5MTU2MDE@._V1_UY268_CR1,0,182,268_AL_.jpg"
tt0000251,Matches: An Appeal (1899) ,5.5,90,"https://m.media-amazon.com/images/M/MV5BZTE4NzkyMmMtODgwOS00NGNmLTg3NjEtZDY1YTUxNWU5MWE5XkEyXkFqcGdeQXVyNzg5OTk2OA@@._V1_UX182_CR0,0,182,268_AL_.jpg"
tt0000253,The Miser's Doom (1899) ,4.8,16,"https://m.media-amazon.com/images/M/MV5BZTE4NzkyMmMtODgwOS00NGNmLTg3NjEtZDY1YTUxNWU5MWE5XkEyXkFqcGdeQXVyNzg5OTk2OA@@._V1_UX182_CR0,0,182,268_AL_.jpg"
tt0000256,Panorama from the Tower of the Brooklyn Bridge (1899) ,4.6,124,"https://m.media-amazon.com/images/M/MV5BMWUxZjAzYjktMDBhYy00YmE4LWJmNTMtNjMyOWU3MjNhOTljXkEyXkFqcGdeQXVyNzg5OTk2OA@@._V1_UY268_CR87,0,182,268_AL_.jpg"
tt0000261,Un bon lit (1899) ,5.7,45,"https://m.media-amazon.com/images/M/MV5BNGZhM2U4ZDgtYTZhNi00YTFmLTk2ODYtYTFhYzBlOGEyZDlmXkEyXkFqcGdeQXVyNzUyMjQ3NTQ@._V1_UX182_CR0,0,182,268_AL_.jpg"
tt0000264,Évocation spirite (1899) ,5.7,342,"https://m.media-amazon.com/images/M/MV5BNTQ3ZDY1MjctZDM5YS00YjZlLTliNjgtNzY5Y2U2MjMwZTAxXkEyXkFqcGdeQXVyNDU1Mzg3ODE@._V1_UX182_CR0,0,182,268_AL_.jpg"
tt0000265,Above the Limit (1900) ,4.6,97,"https://m.media-amazon.com/images/M/MV5BZDZkMjQ5NGEtYjNkOS00NDkxLWJlYTMtOTcyNjhhNmQ4ZmIxXkEyXkFqcGdeQXVyNzg5OTk2OA@@._V1_UY268_CR84,0,182,268_AL_.jpg"
tt0000269,Army Life (1900) ,5.1,97,"https://m.media-amazon.com/images/M/MV5BMTI1MDYzMTItMjkxYS00ZTE1LTliNWYtYTE1ZDA2MzA0NmE1XkEyXkFqcGdeQXVyNzUyMjQ3NTQ@._V1_UY268_CR10,0,182,268_AL_.jpg"
tt0000271,Arrivée de Pierette et Pierrot (1900) ,7.3,6,"https://m.media-amazon.com/images/M/MV5BMTI1MDYzMTItMjkxYS00ZTE1LTliNWYtYTE1ZDA2MzA0NmE1XkEyXkFqcGdeQXVyNzUyMjQ3NTQ@._V1_UY268_CR10,0,182,268_AL_.jpg"
tt0000272,As Seen Through a Telescope (1900) ,5.6,669,"https://m.media-amazon.com/images/M/MV5BODBjNmQwMjQtYWM5Mi00Zjc0LTk4MDEtYzgzNDdkMjZhYzU1XkEyXkFqcGdeQXVyODE2Nzc4NTA@._V1_UX182_CR0,0,182,268_AL_.jpg"
tt0000273,Attack on a China Mission (1900) ,5.6,470,"https://m.media-amazon.com/images/M/MV5BOTU3ZGRmNjAtOWIzNC00MDI5LTkzZGMtZjZhZWI5ZmI4Zjk4XkEyXkFqcGdeQXVyNzg5OTk2OA@@._V1_UX182_CR0,0,182,268_AL_.jpg"
tt0000274,Avenue de l'opéra (1900) ,5.6,185,"https://m.media-amazon.com/images/M/MV5BMDhlMTg3MmUtMWM0OC00YjE5LWFiNjQtNDFiZGFlOGQ2OGY5XkEyXkFqcGdeQXVyNTM3MDMyMDQ@._V1_UY268_CR9,0,182,268_AL_.jpg"
tt0000276,Bataille d'oreillers (1900) ,7.6,8,"https://m.media-amazon.com/images/M/MV5BMDhlMTg3MmUtMWM0OC00YjE5LWFiNjQtNDFiZGFlOGQ2OGY5XkEyXkFqcGdeQXVyNTM3MDMyMDQ@._V1_UY268_CR9,0,182,268_AL_.jpg"
tt0000277,Bataille de boules de neige (1900) ,6.2,48,"https://m.media-amazon.com/images/M/MV5BNjAyMzAyMGEtMDFiNy00Njk4LTljZWItZmQyYTcxODY1ZWFmXkEyXkFqcGdeQXVyMDM0MzU2NA@@._V1_UX182_CR0,0,182,268_AL_.jpg"
tt0000278,Buffalo Bill's Show Parade (1900) ,6.3,6,"https://m.media-amazon.com/images/M/MV5BNjAyMzAyMGEtMDFiNy00Njk4LTljZWItZmQyYTcxODY1ZWFmXkEyXkFqcGdeQXVyMDM0MzU2NA@@._V1_UX182_CR0,0,182,268_AL_.jpg"
tt0000279,Buffalo Bill's Wild West Parade (1900) ,5.4,5,"https://m.media-amazon.com/images/M/MV5BNjAyMzAyMGEtMDFiNy00Njk4LTljZWItZmQyYTcxODY1ZWFmXkEyXkFqcGdeQXVyMDM0MzU2NA@@._V1_UX182_CR0,0,182,268_AL_.jpg"
tt0000280,Buffalo Bill's Wild West Parade (1900) ,5.2,6,"https://m.media-amazon.com/images/M/MV5BNjAyMzAyMGEtMDFiNy00Njk4LTljZWItZmQyYTcxODY1ZWFmXkEyXkFqcGdeQXVyMDM0MzU2NA@@._V1_UX182_CR0,0,182,268_AL_.jpg"
tt0000281,Buffalo Bill's Wild West Show (1900) ,5.3,7,"https://m.media-amazon.com/images/M/MV5BNjAyMzAyMGEtMDFiNy00Njk4LTljZWItZmQyYTcxODY1ZWFmXkEyXkFqcGdeQXVyMDM0MzU2NA@@._V1_UX182_CR0,0,182,268_AL_.jpg"
tt0000283,Chez le Maréchal-Ferrant (1900) ,6.3,11,"https://m.media-amazon.com/images/M/MV5BNjAyMzAyMGEtMDFiNy00Njk4LTljZWItZmQyYTcxODY1ZWFmXkEyXkFqcGdeQXVyMDM0MzU2NA@@._V1_UX182_CR0,0,182,268_AL_.jpg"
tt0000284,Chez le photographe (1900) ,5.3,173,"https://m.media-amazon.com/images/M/MV5BYWI4MDkzNmYtMmNjYy00Yjc0LTgzZDEtYWMxMjI5NjViNjM5XkEyXkFqcGdeQXVyNTM3MDMyMDQ@._V1_UY268_CR9,0,182,268_AL_.jpg"
tt0000285,Chinese Magic (1900) ,5.8,5,"https://m.media-amazon.com/images/M/MV5BYWI4MDkzNmYtMmNjYy00Yjc0LTgzZDEtYWMxMjI5NjViNjM5XkEyXkFqcGdeQXVyNTM3MDMyMDQ@._V1_UY268_CR9,0,182,268_AL_.jpg"
tt0000286,Chirurgie fin de siècle (1900) ,5.7,171,"https://m.media-amazon.com/images/M/MV5BMmU0ZWY1MzgtZjQwZS00YzAwLTg1YWMtYzA1YjQ4MjI4NmIwXkEyXkFqcGdeQXVyMDM3NjU0MA@@._V1_UY268_CR81,0,182,268_AL_.jpg"
tt0000287,The Clown and the Alchemist (1900) ,5,119,"https://m.media-amazon.com/images/M/MV5BZTIwNDBjYjAtZjcxYi00MzI1LTgwMTItZDhjNmE3NGI2MTIwXkEyXkFqcGdeQXVyNzg5OTk2OA@@._V1_UY268_CR87,0,182,268_AL_.jpg"
tt0000288,La concierge (1900) ,5.4,157,"https://m.media-amazon.com/images/M/MV5BZTIwNDBjYjAtZjcxYi00MzI1LTgwMTItZDhjNmE3NGI2MTIwXkEyXkFqcGdeQXVyNzg5OTk2OA@@._V1_UY268_CR87,0,182,268_AL_.jpg"
tt0000292,Danse du papillon (1900) ,5.4,65,"https://m.media-amazon.com/images/M/MV5BZTIwNDBjYjAtZjcxYi00MzI1LTgwMTItZDhjNmE3NGI2MTIwXkEyXkFqcGdeQXVyNzg5OTk2OA@@._V1_UY268_CR87,0,182,268_AL_.jpg"
tt0000296,Danse serpentine (1900) ,5.8,205,"https://m.media-amazon.com/images/M/MV5BY2EzMjllN2QtYmVlYS00Zjg3LWJmMDAtMmM0ZmZhODA0NjgwXkEyXkFqcGdeQXVyNTQzNTQ2MTQ@._V1_UY268_CR87,0,182,268_AL_.jpg"
tt0000299,Le départ d'Arlequin et de Pierrette (1900) ,5.5,179,"https://m.media-amazon.com/images/M/MV5BM2VhYWJiYWUtMzM1OS00OTViLTgxMTgtODRlNTJlMjhiNGZkXkEyXkFqcGdeQXVyNTM3MDMyMDQ@._V1_UY268_CR9,0,182,268_AL_.jpg"
tt0000300,The Enchanted Drawing (1900) ,6.9,"1,038","https://m.media-amazon.com/images/M/MV5BZGEzZTQ4YjctZThlZi00ODIxLWJjNzctYjliMzc1YTE2ZjFiXkEyXkFqcGdeQXVyNDE5MTU2MDE@._V1_UY268_CR1,0,182,268_AL_.jpg"
tt0000301,Faust and Marguerite (1900) ,4.4,305,"https://m.media-amazon.com/images/M/MV5BMjYxZDUwYWUtMTcyNC00NzNjLWJjN2QtNGI4YmQ1ODA3MmVkXkEyXkFqcGdeQXVyNTM3MDMyMDQ@._V1_UY268_CR9,0,182,268_AL_.jpg"
tt0000302,"La fée aux choux, ou la naissance des enfants (1900) ",5.1,134,"https://m.media-amazon.com/images/M/MV5BMjYxZDUwYWUtMTcyNC00NzNjLWJjN2QtNGI4YmQ1ODA3MmVkXkEyXkFqcGdeQXVyNTM3MDMyMDQ@._V1_UY268_CR9,0,182,268_AL_.jpg"
tt0000304,Grandma's Reading Glass (1900) ,6,"1,011","https://m.media-amazon.com/images/M/MV5BYjA3NGU2YzktZmI5Ni00NTVhLWJlY2EtYzA2MzNkY2JlNTUxXkEyXkFqcGdeQXVyNDE5MTU2MDE@._V1_UY268_CR1,0,182,268_AL_.jpg"
tt0000306,Le duel d'Hamlet (1900) ,5.4,165,"https://m.media-amazon.com/images/M/MV5BZTRjMTM4YjItYmFlZC00YWQ0LTg3NjQtMDQxZGRmNThmYTYwXkEyXkFqcGdeQXVyNzg5OTk2OA@@._V1_UX182_CR0,0,182,268_AL_.jpg"
tt0000307,Happy Hooligan (1900) ,5,59,"https://m.media-amazon.com/images/M/MV5BYWI1ZDg1NWUtMDRkMC00YWNhLTk0ZTAtOGM1MDk3MmU1NGVlXkEyXkFqcGdeQXVyNzg5OTk2OA@@._V1_UY268_CR85,0,182,268_AL_.jpg"
tt0000308,The House That Jack Built (1900) ,5.7,60,"https://m.media-amazon.com/images/M/MV5BMWQxNzFmYzctODNjNi00MDVhLWE0YWYtY2E3NTkwZWQ5MTgwXkEyXkFqcGdeQXVyNzUyMjQ3NTQ@._V1_UY268_CR9,0,182,268_AL_.jpg"
tt0000309,How It Feels to Be Run Over (1900) ,6.1,699,"https://m.media-amazon.com/images/M/MV5BYjQ0NDM2NzktY2RkOS00MjY1LWEyYjctZWFlZjRjZDg3MGZlXkEyXkFqcGdeQXVyNDE5MTU2MDE@._V1_UY268_CR1,0,182,268_AL_.jpg"
tt0000310,Chimmie Hicks and the Rum Omelet (1900) ,7.3,15,"https://m.media-amazon.com/images/M/MV5BYjQ0NDM2NzktY2RkOS00MjY1LWEyYjctZWFlZjRjZDg3MGZlXkEyXkFqcGdeQXVyNDE5MTU2MDE@._V1_UY268_CR1,0,182,268_AL_.jpg"
tt0000313,Let Me Dream Again (1900) ,5.8,653,"https://m.media-amazon.com/images/M/MV5BMWNhYjUzZDAtZjdhNi00ZjQyLWIzMDktM2U1NTczNWE2YmQ4XkEyXkFqcGdeQXVyNDg5MjMyMTM@._V1_UY268_CR9,0,182,268_AL_.jpg"
tt0000319,Momijigari (1899) ,5.8,125,"https://m.media-amazon.com/images/M/MV5BOGE3NWMzYWMtOWZkYS00ZTg2LTgxNDQtNmY5YzlmOTkyNmI3XkEyXkFqcGdeQXVyNDg5MjMyMTM@._V1_UY268_CR7,0,182,268_AL_.jpg"
tt0000321,The Mystic Swing (1900) ,4.9,163,"https://m.media-amazon.com/images/M/MV5BNzM5MDM0MTktMDY5ZC00Y2U4LTlhYjItMzk3MTg5MTNhMDFhXkEyXkFqcGdeQXVyNzg5OTk2OA@@._V1_UX182_CR0,0,182,268_AL_.jpg"
tt0000328,La petite magicienne (1900) ,7.2,6,"https://m.media-amazon.com/images/M/MV5BNzM5MDM0MTktMDY5ZC00Y2U4LTlhYjItMzk3MTg5MTNhMDFhXkEyXkFqcGdeQXVyNzg5OTk2OA@@._V1_UX182_CR0,0,182,268_AL_.jpg"
tt0000335,Soldiers of the Cross (1900) ,6.1,41,"https://m.media-amazon.com/images/M/MV5BNTYxMGNhYzUtY2Q3Zi00MzFjLWJkZDctOGJhZWEyMGFhYmM0XkEyXkFqcGdeQXVyMjQ0ODE4OTU@._V1_UY268_CR67,0,182,268_AL_.jpg"
tt0000337,Spanish Bullfight (1900) ,5,306,"https://m.media-amazon.com/images/M/MV5BNDIxOTdhYzAtYWNkMy00ZjRiLWEzNjctZDUzZWUzZGIwYzgzXkEyXkFqcGdeQXVyNTM3MDMyMDQ@._V1_UY268_CR9,0,182,268_AL_.jpg"
tt0000340,Uncle Josh in a Spooky Hotel (1900) ,5,223,"https://m.media-amazon.com/images/M/MV5BYWRhM2FhMDItZjQ0Mi00ZDljLWIwYTktZDI2OTc5ODJkN2QxXkEyXkFqcGdeQXVyNzg5OTk2OA@@._V1_UY268_CR87,0,182,268_AL_.jpg"
tt0000341,Uncle Josh's Nightmare (1900) ,4.9,285,"https://m.media-amazon.com/images/M/MV5BMjAzNTI3MzI0Nl5BMl5BanBnXkFtZTcwMzQ1MTYzMw@@._V1_UY268_CR43,0,182,268_AL_.jpg"
tt0000346,Another Job for the Undertaker (1901) ,4.9,161,"https://m.media-amazon.com/images/M/MV5BOTU2YTY0OWYtOGYyMi00MjcyLThiNGMtNWYyMTk3NGQ2OGI5XkEyXkFqcGdeQXVyNTM3MDMyMDQ@._V1_UY268_CR9,0,182,268_AL_.jpg"
tt0000347,Buffalo Bill's Wild West Parade (1901) ,4.4,79,"https://m.media-amazon.com/images/M/MV5BYmQ2OTEyYjQtY2Y4ZS00ODk0LWE0NzAtMTlhNTQ0M2RiODJhXkEyXkFqcGdeQXVyNzg5OTk2OA@@._V1_UX182_CR0,0,182,268_AL_.jpg"
tt0000349,"The Cheese Mites, or Lilliputians in a London Restaurant (1901) ",5.8,94,"https://m.media-amazon.com/images/M/MV5BYmQ2OTEyYjQtY2Y4ZS00ODk0LWE0NzAtMTlhNTQ0M2RiODJhXkEyXkFqcGdeQXVyNzg5OTk2OA@@._V1_UX182_CR0,0,182,268_AL_.jpg"
tt0000350,The Countryman and the Cinematograph (1901) ,5.8,608,"https://m.media-amazon.com/images/M/MV5BODE3MThiOWEtNWY4Yy00MTM4LWJlNTEtNDczNTA4NzRhOTAwXkEyXkFqcGdeQXVyNTM3MDMyMDQ@._V1_UY268_CR9,0,182,268_AL_.jpg"
tt0000352,Day at the Circus (1901) ,5.9,24,"https://m.media-amazon.com/images/M/MV5BOWQyYWQ1NDQtMjA4Yy00ODQ2LTg1NzctYWJkN2I5MDI2YmMxXkEyXkFqcGdeQXVyMzUwMTgwMw@@._V1_UY268_CR1,0,182,268_AL_.jpg"
tt0000353,Execution of Czolgosz with Panorama of Auburn Prison (1901) ,5.1,287,"https://m.media-amazon.com/images/M/MV5BZGFlYWY2MmYtNjRmZC00YTg5LTg1YjMtZWY4OWZjMmM0NjZjXkEyXkFqcGdeQXVyNzg5OTk2OA@@._V1_UY268_CR87,0,182,268_AL_.jpg"
tt0000355,Fire! (1901) ,6.1,553,"https://m.media-amazon.com/images/M/MV5BOTU2NjI3YzUtY2MxNi00ZTFhLTllZGItNDNhYzQ0ZDdkMTVhXkEyXkFqcGdeQXVyNDg5MjMyMTM@._V1_UY268_CR9,0,182,268_AL_.jpg"
tt0000357,The Haunted Curiosity Shop (1901) ,5.8,329,"https://m.media-amazon.com/images/M/MV5BZmJmNWIyYmUtYTgzYy00ODkzLWIxOWYtNzJhZDc1YjY0N2QzXkEyXkFqcGdeQXVyMzU3NzExNTc@._V1_UY268_CR93,0,182,268_AL_.jpg"
tt0000358,Histoire d'un crime (1901) ,6.1,567,"https://m.media-amazon.com/images/M/MV5BNDY0OTUxZGItMzM0Yi00NjgwLWIxYTgtYjVlNzdkOGU1YzAwXkEyXkFqcGdeQXVyMzc1NTUwNjM@._V1_UY268_CR142,0,182,268_AL_.jpg"
tt0000359,L'homme à la tête en caoutchouc (1901) ,7.1,"2,420","https://m.media-amazon.com/images/M/MV5BOWM0M2E0ZjQtMWViNy00ZmM3LTk3MDgtOWQyZTE4NjVhMTk4XkEyXkFqcGdeQXVyNDE5MTU2MDE@._V1_UY268_CR1,0,182,268_AL_.jpg"
tt0000361,Lavatory moderne (1901) ,8.1,10,"https://m.media-amazon.com/images/M/MV5BOWM0M2E0ZjQtMWViNy00ZmM3LTk3MDgtOWQyZTE4NjVhMTk4XkEyXkFqcGdeQXVyNDE5MTU2MDE@._V1_UY268_CR1,0,182,268_AL_.jpg"
tt0000363,The Magic Sword (1901) ,6.3,117,"https://m.media-amazon.com/images/M/MV5BODM3MGI3MjAtOGIzZi00YWRhLWE3YzMtMTVhNjk3YjkwODE2XkEyXkFqcGdeQXVyNDE4OTY5NzI@._V1_UX182_CR0,0,182,268_AL_.jpg"
tt0000364,Panorama of Esplanade by Night (1901) ,5.4,120,"https://m.media-amazon.com/images/M/MV5BODM3MGI3MjAtOGIzZi00YWRhLWE3YzMtMTVhNjk3YjkwODE2XkEyXkFqcGdeQXVyNDE4OTY5NzI@._V1_UX182_CR0,0,182,268_AL_.jpg"
tt0000368,Le petit chaperon rouge (1901) ,6.2,10,"https://m.media-amazon.com/images/M/MV5BZTJmMTMzYjMtYmNjYi00Y2NkLWIyMGMtNDgxYjYyYWE1NjNhXkEyXkFqcGdeQXVyNTI2NTY2MDI@._V1_UY268_CR10,0,182,268_AL_.jpg"
tt0000370,Scrooge; or Marley's Ghost (1901) ,5.5,356,"https://m.media-amazon.com/images/M/MV5BYmQ1Zjg1YjQtMjA1Zi00ZGVlLWFhM2YtZTllYjRiYTU2MTc0XkEyXkFqcGdeQXVyNzUyMjQ3NTQ@._V1_UX182_CR0,0,182,268_AL_.jpg"
tt0000373,Les sept châteaux du diable (1904) ,6.2,53,"https://m.media-amazon.com/images/M/MV5BYmZmMTBjMzItMTQ2Mi00YzMyLWE1ZTQtYjkwMjQ0MzQ3YjJhXkEyXkFqcGdeQXVyNDE5MTU2MDE@._V1_UY268_CR1,0,182,268_AL_.jpg"
tt0000376,"A táncz (1901) ",7,6,"https://m.media-amazon.com/images/M/MV5BYmZmMTBjMzItMTQ2Mi00YzMyLWE1ZTQtYjkwMjQ0MzQ3YjJhXkEyXkFqcGdeQXVyNDE5MTU2MDE@._V1_UY268_CR1,0,182,268_AL_.jpg"
tt0000377,Undressing Extraordinary (1901) ,6.2,95,"https://m.media-amazon.com/images/M/MV5BYmZmMTBjMzItMTQ2Mi00YzMyLWE1ZTQtYjkwMjQ0MzQ3YjJhXkEyXkFqcGdeQXVyNDE5MTU2MDE@._V1_UY268_CR1,0,182,268_AL_.jpg"
tt0000379,Visita de la escuadra inglesa a Barcelona (1901) ,5.2,6,"https://m.media-amazon.com/images/M/MV5BYmZmMTBjMzItMTQ2Mi00YzMyLWE1ZTQtYjkwMjQ0MzQ3YjJhXkEyXkFqcGdeQXVyNDE5MTU2MDE@._V1_UY268_CR1,0,182,268_AL_.jpg"
tt0000380,La belle au bois dormant (1903) ,7.2,13,"https://m.media-amazon.com/images/M/MV5BYmZmMTBjMzItMTQ2Mi00YzMyLWE1ZTQtYjkwMjQ0MzQ3YjJhXkEyXkFqcGdeQXVyNDE5MTU2MDE@._V1_UY268_CR1,0,182,268_AL_.jpg"
tt0000381,Buffalo Bill's Wild West Show (1902) ,3.9,10,"https://m.media-amazon.com/images/M/MV5BYmZmMTBjMzItMTQ2Mi00YzMyLWE1ZTQtYjkwMjQ0MzQ3YjJhXkEyXkFqcGdeQXVyNDE5MTU2MDE@._V1_UY268_CR1,0,182,268_AL_.jpg"
tt0000384,Les chiens savants (1902) ,5.8,182,"https://m.media-amazon.com/images/M/MV5BZWY5NGZlZjgtYzg2Yi00OTc3LTkyNGEtZTg5OWY1YTE1MmJhXkEyXkFqcGdeQXVyNjc2NjkzNTg@._V1_UX182_CR0,0,182,268_AL_.jpg"
tt0000387,The Coronation of Edward VII (1902) ,5.2,277,"https://m.media-amazon.com/images/M/MV5BMmY1ZTAwNzktN2I1ZC00OTkwLWJhNzYtNWI3YWJlNTFjMjU4XkEyXkFqcGdeQXVyNzUyMjQ3NTQ@._V1_UY268_CR44,0,182,268_AL_.jpg"
tt0000388,Danse excentrique (1902) ,5.1,97,"https://m.media-amazon.com/images/M/MV5BMmY1ZTAwNzktN2I1ZC00OTkwLWJhNzYtNWI3YWJlNTFjMjU4XkEyXkFqcGdeQXVyNzUyMjQ3NTQ@._V1_UY268_CR44,0,182,268_AL_.jpg"
tt0000399,Jack and the Beanstalk (1902) ,6.1,635,"https://m.media-amazon.com/images/M/MV5BMjAzNTI3MzI0Nl5BMl5BanBnXkFtZTcwMzQ1MTYzMw@@._V1_UY268_CR43,0,182,268_AL_.jpg"
tt0000400,Le lion savant (1902) ,6.4,10,"https://m.media-amazon.com/images/M/MV5BMjAzNTI3MzI0Nl5BMl5BanBnXkFtZTcwMzQ1MTYzMw@@._V1_UY268_CR43,0,182,268_AL_.jpg"
tt0000402,Mother Goose Nursery Rhymes (1902) ,5.2,6,"https://m.media-amazon.com/images/M/MV5BMjAzNTI3MzI0Nl5BMl5BanBnXkFtZTcwMzQ1MTYzMw@@._V1_UY268_CR43,0,182,268_AL_.jpg"
tt0000406,The Prince of Darkness (1900) ,5.9,19,"https://m.media-amazon.com/images/M/MV5BMjAzNTI3MzI0Nl5BMl5BanBnXkFtZTcwMzQ1MTYzMw@@._V1_UY268_CR43,0,182,268_AL_.jpg"
tt0000407,Procesión de las hijas de María de la parroquia de Sans (1902) ,3.6,26,"https://m.media-amazon.com/images/M/MV5BMjAzNTI3MzI0Nl5BMl5BanBnXkFtZTcwMzQ1MTYzMw@@._V1_UY268_CR43,0,182,268_AL_.jpg"
tt0000409,Sage-femme de première classe (1902) ,5.2,162,"https://m.media-amazon.com/images/M/MV5BNzcwZWVmNmUtODE2Mi00MjE5LWEzMDktNTM1MzdiY2Q4MTRjXkEyXkFqcGdeQXVyNjA5MTAzODY@._V1_UY268_CR147,0,182,268_AL_.jpg"
tt0000410,Demolishing and Building Up the Star Theatre (1901) ,6.7,858,"https://m.media-amazon.com/images/M/MV5BNWY1ZmU5OTItY2EyYy00MWZhLWJiZDUtYmQxYmY5NTVjNmU3XkEyXkFqcGdeQXVyNzg5OTk2OA@@._V1_UY268_CR87,0,182,268_AL_.jpg"
tt0000412,The Troublesome Fly (1900) ,4.6,8,"https://m.media-amazon.com/images/M/MV5BNWY1ZmU5OTItY2EyYy00MWZhLWJiZDUtYmQxYmY5NTVjNmU3XkEyXkFqcGdeQXVyNzg5OTk2OA@@._V1_UY268_CR87,0,182,268_AL_.jpg"
tt0000413,Les trésors de satan (1902) ,5.5,331,"https://m.media-amazon.com/images/M/MV5BNjBiMjM4ZjEtMjViNi00NmY0LTg5NGItZDExOWY1MzhkODk3XkEyXkFqcGdeQXVyNTI2NTY2MDI@._V1_UY268_CR10,0,182,268_AL_.jpg"
tt0000414,Uncle Josh at the Moving Picture Show (1902) ,5.3,633,"https://m.media-amazon.com/images/M/MV5BMTU4MjgwNzU5Ml5BMl5BanBnXkFtZTcwMzExNDA3MQ@@._V1_UY268_CR3,0,182,268_AL_.jpg"
tt0000416,Les victimes de l'alcoolisme (1902) ,5.3,114,"https://m.media-amazon.com/images/M/MV5BOTg5N2QwNzQtODBmYi00YzZkLTliNmMtMGUxMjYzMTBlYzU0XkEyXkFqcGdeQXVyMTAzNDQ1MTI@._V1_UY268_CR87,0,182,268_AL_.jpg"
tt0000417,A Trip to the Moon (1902) ,8.2,"42,325","https://m.media-amazon.com/images/M/MV5BMzcyYzhlMzctYjg1NS00ODJlLTkxOTUtYmQ4YjgxMWY5MGFlXkEyXkFqcGdeQXVyNDE5MTU2MDE@._V1_UY268_CR1,0,182,268_AL_.jpg"
tt0000420,Alice in Wonderland (1903) ,6.3,"2,291","https://m.media-amazon.com/images/M/MV5BODQyZWYxZWYtNDRmZC00ZjQxLTlhZGQtM2JmZGNlYjViNGU5XkEyXkFqcGdeQXVyNDk0MDg4NDk@._V1_UY268_CR72,0,182,268_AL_.jpg"
tt0000423,La boîte à malice (1903) ,5.5,178,"https://m.media-amazon.com/images/M/MV5BMmU2YTJjYjEtNjQxNC00YTE3LTliOTItOWMyY2U2Y2QzNzkxXkEyXkFqcGdeQXVyNTI2NTY2MDI@._V1_UY268_CR10,0,182,268_AL_.jpg"
tt0000425,Buffalo Bill's Parade (1903) ,5.2,10,"https://m.media-amazon.com/images/M/MV5BMmU2YTJjYjEtNjQxNC00YTE3LTliOTItOWMyY2U2Y2QzNzkxXkEyXkFqcGdeQXVyNTI2NTY2MDI@._V1_UY268_CR10,0,182,268_AL_.jpg"
tt0000426,Buffalo Bill's Street Parade (1903) ,4.8,6,"https://m.media-amazon.com/images/M/MV5BMmU2YTJjYjEtNjQxNC00YTE3LTliOTItOWMyY2U2Y2QzNzkxXkEyXkFqcGdeQXVyNTI2NTY2MDI@._V1_UY268_CR10,0,182,268_AL_.jpg"
tt0000430,A Chess Dispute (1903) ,5.9,597,"https://m.media-amazon.com/images/M/MV5BZTYxY2MwMjEtMjc5OS00MGQ1LTlhOTctNmQxYjZiYTkxMGJiXkEyXkFqcGdeQXVyNDg5MjMyMTM@._V1_UY268_CR3,0,182,268_AL_.jpg"
tt0000432,Comment monsieur prend son bain (1903) ,5.6,162,"https://m.media-amazon.com/images/M/MV5BMmYzZGZlODItOGM2ZS00Zjg3LThmZjAtYTI2NGU0ZjNkMjA2XkEyXkFqcGdeQXVyNTM3MDMyMDQ@._V1_UY268_CR9,0,182,268_AL_.jpg"
tt0000436,An Extraordinary Cab Accident (1903) ,6.2,441,"https://m.media-amazon.com/images/M/MV5BMzdmY2FmNWMtYTA1ZC00NjJlLWE0ODEtMzFlNWIwMWZiZmJkXkEyXkFqcGdeQXVyMjQwMjk0NjI@._V1_UX182_CR0,0,182,268_AL_.jpg"
tt0000437,Faust et Méphistophélès (1903) ,5.1,182,"https://m.media-amazon.com/images/M/MV5BOGI5MDQyZjYtNTU3Yi00OTg2LWE0N2UtNmZlZWYyM2ViNmMxXkEyXkFqcGdeQXVyNTM3MDMyMDQ@._V1_UY268_CR9,0,182,268_AL_.jpg"
tt0000439,The Great Train Robbery (1903) ,7.3,"16,645","https://m.media-amazon.com/images/M/MV5BMTU3NjE5NzYtYTYyNS00MDVmLWIwYjgtMmYwYWIxZDYyNzU2XkEyXkFqcGdeQXVyNzQzNzQxNzI@._V1_UX182_CR0,0,182,268_AL_.jpg"
tt0000440,La guirlande merveilleuse (1903) ,5.4,175,"https://m.media-amazon.com/images/M/MV5BY2JlMjQwY2YtMzU2Zi00MzU5LTgxNjItMGViYTMxOGI3NGE3XkEyXkFqcGdeQXVyNTI2NTY2MDI@._V1_UY268_CR10,0,182,268_AL_.jpg"
tt0000441,Gulliver en el país de los gigantes (1903) ,7,5,"https://m.media-amazon.com/images/M/MV5BY2JlMjQwY2YtMzU2Zi00MzU5LTgxNjItMGViYTMxOGI3NGE3XkEyXkFqcGdeQXVyNTI2NTY2MDI@._V1_UY268_CR10,0,182,268_AL_.jpg"
tt0000442,Henrettelsen (1903) ,4.7,56,"https://m.media-amazon.com/images/M/MV5BY2JlMjQwY2YtMzU2Zi00MzU5LTgxNjItMGViYTMxOGI3NGE3XkEyXkFqcGdeQXVyNTI2NTY2MDI@._V1_UY268_CR10,0,182,268_AL_.jpg"
tt0000443,"Hiawatha, the Messiah of the Ojibway (1903) ",5.6,8,"https://m.media-amazon.com/images/M/MV5BNWZjYmYzZGUtZTE3My00NDY1LTk3Y2MtMzRhMGM0YWM4YWRjXkEyXkFqcGdeQXVyMDk1ODM3MA@@._V1_UY268_CR16,0,182,268_AL_.jpg"
tt0000446,Kit Carson (1903) ,5.9,8,"https://m.media-amazon.com/images/M/MV5BNWZjYmYzZGUtZTE3My00NDY1LTk3Y2MtMzRhMGM0YWM4YWRjXkEyXkFqcGdeQXVyMDk1ODM3MA@@._V1_UY268_CR16,0,182,268_AL_.jpg"
tt0000447,Life of an American Fireman (1903) ,6.4,"2,024","https://m.media-amazon.com/images/M/MV5BNTIzZjBiYWYtY2VlNy00OWNmLTg1ZWItZmYyOTA4MGE3YzI2XkEyXkFqcGdeQXVyMzE0MjY5ODA@._V1_UX182_CR0,0,182,268_AL_.jpg"
tt0000451,Mary Jane's Mishap (1903) ,6.6,727,"https://m.media-amazon.com/images/M/MV5BMTUxMTlhMTQtZGFmYS00MTU1LTg2ZGMtNzgyZjg5NjU2NjY0XkEyXkFqcGdeQXVyNDE5MTU2MDE@._V1_UY268_CR1,0,182,268_AL_.jpg"
tt0000452,The Messenger Boy's Mistake (1903) ,4.7,83,"https://m.media-amazon.com/images/M/MV5BMTUxMTlhMTQtZGFmYS00MTU1LTg2ZGMtNzgyZjg5NjU2NjY0XkEyXkFqcGdeQXVyNDE5MTU2MDE@._V1_UY268_CR1,0,182,268_AL_.jpg"
tt0000455,Le mélomane (1903) ,6.8,"1,642","https://m.media-amazon.com/images/M/MV5BZGQ1ZDZjNDMtYjBlYy00MDZiLTlkZTUtYThmNmI0N2E3YjJlXkEyXkFqcGdeQXVyNDE5MTU2MDE@._V1_UY268_CR1,0,182,268_AL_.jpg"
tt0000456,N.Y. Fire Department Returning (1903) ,4.1,36,"https://m.media-amazon.com/images/M/MV5BZGQ1ZDZjNDMtYjBlYy00MDZiLTlkZTUtYThmNmI0N2E3YjJlXkEyXkFqcGdeQXVyNDE5MTU2MDE@._V1_UY268_CR1,0,182,268_AL_.jpg"
tt0000459,"Panorama of Riker's Island, N.Y. (1903) ",4.6,50,"https://m.media-amazon.com/images/M/MV5BZGQ1ZDZjNDMtYjBlYy00MDZiLTlkZTUtYThmNmI0N2E3YjJlXkEyXkFqcGdeQXVyNDE5MTU2MDE@._V1_UY268_CR1,0,182,268_AL_.jpg"
tt0000460,The Pioneers (1903) ,6.6,5,"https://m.media-amazon.com/images/M/MV5BZGQ1ZDZjNDMtYjBlYy00MDZiLTlkZTUtYThmNmI0N2E3YjJlXkEyXkFqcGdeQXVyNDE5MTU2MDE@._V1_UY268_CR1,0,182,268_AL_.jpg"
tt0000464,Rip Van Winkle (1903) ,4.8,337,"https://m.media-amazon.com/images/M/MV5BNmYxMTliNzUtM2U0My00NDU5LWI5ZWYtYTBjYTkzYTVjYjA2XkEyXkFqcGdeQXVyNTIzOTk5ODM@._V1_UY268_CR147,0,182,268_AL_.jpg"
tt0000465,Le royaume des fées (1903) ,7.3,"1,102","https://m.media-amazon.com/images/M/MV5BOTZkMDAwYWQtZGU5Mi00MmU5LWJhNTItMGQ5M2NjNWM4ZmRkXkEyXkFqcGdeQXVyNDE5MTU2MDE@._V1_UY268_CR1,0,182,268_AL_.jpg"
tt0000469,The Sick Kitten (1903) ,5.8,881,"https://m.media-amazon.com/images/M/MV5BMjYzODNjMTYtOWQyMy00YWYyLWFhMjQtMTBhN2VkYzU1Yjg1XkEyXkFqcGdeQXVyNDExODQzNDA@._V1_UX182_CR0,0,182,268_AL_.jpg"
tt0000471,Uncle Tom's Cabin (1903) ,5.1,396,"https://m.media-amazon.com/images/M/MV5BMjAzNTI3MzI0Nl5BMl5BanBnXkFtZTcwMzQ1MTYzMw@@._V1_UY268_CR43,0,182,268_AL_.jpg"
tt0000472,Uncle Tom's Cabin (1903) ,6.4,13,"https://m.media-amazon.com/images/M/MV5BMjAzNTI3MzI0Nl5BMl5BanBnXkFtZTcwMzQ1MTYzMw@@._V1_UY268_CR43,0,182,268_AL_.jpg"
tt0000479,Buy Your Own Cherries (1904) ,5.4,328,"https://m.media-amazon.com/images/M/MV5BMDRjYTU1NzEtODRhNC00NTY4LTlkZDEtZmI4ZmU2ZGYxZDc0XkEyXkFqcGdeQXVyODE2Nzc4NTA@._V1_UX182_CR0,0,182,268_AL_.jpg"
tt0000480,Le coffre enchanté (1904) ,5,155,"https://m.media-amazon.com/images/M/MV5BODkyZmU2NTktM2ZkZi00YTA5LTg2NmUtNTQ1ZjRhYzgzMWJmXkEyXkFqcGdeQXVyNTI2NTY2MDI@._V1_UY268_CR10,0,182,268_AL_.jpg"
tt0000487,The Great Train Robbery (1904) ,7,403,"https://m.media-amazon.com/images/M/MV5BNTEyMjAxMzEtNzEzYy00MGUxLWJkNGMtZjQ1MjkwY2M5NDk1XkEyXkFqcGdeQXVyNDYwMjAyMzM@._V1_UY268_CR147,0,182,268_AL_.jpg"
tt0000488,The Land Beyond the Sunset (1912) ,6.9,677,"https://m.media-amazon.com/images/M/MV5BMTMzMDcxMjgyNl5BMl5BanBnXkFtZTcwOTgxNjg4Mg@@._V1_UY268_CR3,0,182,268_AL_.jpg"
tt0000491,Opening the Williamsburg Bridge (1904) ,3.9,39,"https://m.media-amazon.com/images/M/MV5BMTMzMDcxMjgyNl5BMl5BanBnXkFtZTcwOTgxNjg4Mg@@._V1_UY268_CR3,0,182,268_AL_.jpg"
tt0000492,Personal (1904) ,5,83,"https://m.media-amazon.com/images/M/MV5BMTMzMDcxMjgyNl5BMl5BanBnXkFtZTcwOTgxNjg4Mg@@._V1_UY268_CR3,0,182,268_AL_.jpg"
tt0000495,Le pêcheur de perles (1907) ,6,82,"https://m.media-amazon.com/images/M/MV5BMTMzMDcxMjgyNl5BMl5BanBnXkFtZTcwOTgxNjg4Mg@@._V1_UY268_CR3,0,182,268_AL_.jpg"
tt0000496,Railroad Smashup (1904) ,6.1,39,"https://m.media-amazon.com/images/M/MV5BMTMzMDcxMjgyNl5BMl5BanBnXkFtZTcwOTgxNjg4Mg@@._V1_UY268_CR3,0,182,268_AL_.jpg"
tt0000497,A Railway Tragedy (1904) ,5.1,49,"https://m.media-amazon.com/images/M/MV5BOTNmODE1YmEtMmRjZS00ZjdkLWIxNDctMDgzNTAxN2NmOWQyXkEyXkFqcGdeQXVyNTM3MDMyMDQ@._V1_UY268_CR9,0,182,268_AL_.jpg"
tt0000498,Rescued by Rover (1905) ,6.7,"1,001","https://m.media-amazon.com/images/M/MV5BNjc0NWJjY2QtODAzZi00MDAyLTg3YjctYWFmODMxMzNlZDc5XkEyXkFqcGdeQXVyNTM3MDMyMDQ@._V1_UY268_CR9,0,182,268_AL_.jpg"
tt0000499,Le voyage à travers l'impossible (1904) ,7.6,"2,995","https://m.media-amazon.com/images/M/MV5BYjI3ZmRjYWYtNzhlMy00M2ZjLTliOTctZDhlM2YwZDcxMDE3XkEyXkFqcGdeQXVyNDE5MTU2MDE@._V1_UY268_CR1,0,182,268_AL_.jpg"
tt0000501,Adventures of Sherlock Holmes (1905) ,4.6,25,"https://m.media-amazon.com/images/M/MV5BYjI3ZmRjYWYtNzhlMy00M2ZjLTliOTctZDhlM2YwZDcxMDE3XkEyXkFqcGdeQXVyNDE5MTU2MDE@._V1_UY268_CR1,0,182,268_AL_.jpg"
tt0000502,Bohemios (1905) ,3.8,6,"https://m.media-amazon.com/images/M/MV5BYjI3ZmRjYWYtNzhlMy00M2ZjLTliOTctZDhlM2YwZDcxMDE3XkEyXkFqcGdeQXVyNDE5MTU2MDE@._V1_UY268_CR1,0,182,268_AL_.jpg"
tt0000505,La course à la perruque (1906) ,8.1,11,"https://m.media-amazon.com/images/M/MV5BYjI3ZmRjYWYtNzhlMy00M2ZjLTliOTctZDhlM2YwZDcxMDE3XkEyXkFqcGdeQXVyNDE5MTU2MDE@._V1_UY268_CR1,0,182,268_AL_.jpg"
tt0000506,"D.T.'s, or the Effect of Drink (1905) ",5.8,5,"https://m.media-amazon.com/images/M/MV5BYjI3ZmRjYWYtNzhlMy00M2ZjLTliOTctZDhlM2YwZDcxMDE3XkEyXkFqcGdeQXVyNDE5MTU2MDE@._V1_UY268_CR1,0,182,268_AL_.jpg"
tt0000507,Departure of Peary and the Roosevelt from New York (1905) ,3.7,28,"https://m.media-amazon.com/images/M/MV5BYjI3ZmRjYWYtNzhlMy00M2ZjLTliOTctZDhlM2YwZDcxMDE3XkEyXkFqcGdeQXVyNDE5MTU2MDE@._V1_UY268_CR1,0,182,268_AL_.jpg"
tt0000509,Les débuts d'un chauffeur (1906) ,6.2,19,"https://m.media-amazon.com/images/M/MV5BYjI3ZmRjYWYtNzhlMy00M2ZjLTliOTctZDhlM2YwZDcxMDE3XkEyXkFqcGdeQXVyNDE5MTU2MDE@._V1_UY268_CR1,0,182,268_AL_.jpg"
tt0000511,Esmeralda (1905) ,6.6,25,"https://m.media-amazon.com/images/M/MV5BYjI3ZmRjYWYtNzhlMy00M2ZjLTliOTctZDhlM2YwZDcxMDE3XkEyXkFqcGdeQXVyNDE5MTU2MDE@._V1_UY268_CR1,0,182,268_AL_.jpg"
tt0000512,Funeral of Hiram Cronk (1905) ,4.5,39,"https://m.media-amazon.com/images/M/MV5BYjI3ZmRjYWYtNzhlMy00M2ZjLTliOTctZDhlM2YwZDcxMDE3XkEyXkFqcGdeQXVyNDE5MTU2MDE@._V1_UY268_CR1,0,182,268_AL_.jpg"
tt0000515,Los guapos del parque (1904) ,4.8,71,"https://m.media-amazon.com/images/M/MV5BYjI3ZmRjYWYtNzhlMy00M2ZjLTliOTctZDhlM2YwZDcxMDE3XkEyXkFqcGdeQXVyNDE5MTU2MDE@._V1_UY268_CR1,0,182,268_AL_.jpg"
tt0000516,El hotel eléctrico (1908) ,6.5,826,"https://m.media-amazon.com/images/M/MV5BYmQ4Y2ZjODYtOTQyNy00OTI1LThkMjgtYmI4YzBlMDA5ZThmXkEyXkFqcGdeQXVyNDE5MTU2MDE@._V1_UY268_CR1,0,182,268_AL_.jpg"
tt0000519,The Kleptomaniac (1905) ,5.7,294,"https://m.media-amazon.com/images/M/MV5BMjAzNTI3MzI0Nl5BMl5BanBnXkFtZTcwMzQ1MTYzMw@@._V1_UY268_CR43,0,182,268_AL_.jpg"
tt0000520,The Life of Charles Peace (1905) ,6.5,32,"https://m.media-amazon.com/images/M/MV5BMjAzNTI3MzI0Nl5BMl5BanBnXkFtZTcwMzQ1MTYzMw@@._V1_UY268_CR43,0,182,268_AL_.jpg"
tt0000521,The Little Train Robbery (1905) ,5.4,240,"https://m.media-amazon.com/images/M/MV5BNjk2ODkzMDktOTA0OC00YmQ2LThlZWItZTliZWQ5NzM5MzU4XkEyXkFqcGdeQXVyNTM3MDMyMDQ@._V1_UY268_CR9,0,182,268_AL_.jpg"
tt0000524,New York Subway (1905) ,5.7,654,"https://m.media-amazon.com/images/M/MV5BYTRlNmNhMmQtMjc5NS00Yzk5LWI0NjMtNzA0MTM1YmZmY2Q5L2ltYWdlXkEyXkFqcGdeQXVyMDM0MzU2NA@@._V1_UY268_CR111,0,182,268_AL_.jpg"
tt0000525,Pendaison à Jefferson City (1910) ,5.5,35,"https://m.media-amazon.com/images/M/MV5BYTRlNmNhMmQtMjc5NS00Yzk5LWI0NjMtNzA0MTM1YmZmY2Q5L2ltYWdlXkEyXkFqcGdeQXVyMDM0MzU2NA@@._V1_UY268_CR111,0,182,268_AL_.jpg"
tt0000526,Pennsylvania Tunnel Excavation (1905) ,4.2,40,"https://m.media-amazon.com/images/M/MV5BYTRlNmNhMmQtMjc5NS00Yzk5LWI0NjMtNzA0MTM1YmZmY2Q5L2ltYWdlXkEyXkFqcGdeQXVyMDM0MzU2NA@@._V1_UY268_CR111,0,182,268_AL_.jpg"
tt0000528,"Raffles, the Amateur Cracksman (1905) ",6,9,"https://m.media-amazon.com/images/M/MV5BYTRlNmNhMmQtMjc5NS00Yzk5LWI0NjMtNzA0MTM1YmZmY2Q5L2ltYWdlXkEyXkFqcGdeQXVyMDM0MzU2NA@@._V1_UY268_CR111,0,182,268_AL_.jpg"
tt0000533,The Wooing and Wedding of a Coon (1907) ,7.2,18,"https://m.media-amazon.com/images/M/MV5BYTRlNmNhMmQtMjc5NS00Yzk5LWI0NjMtNzA0MTM1YmZmY2Q5L2ltYWdlXkEyXkFqcGdeQXVyMDM0MzU2NA@@._V1_UY268_CR111,0,182,268_AL_.jpg"
tt0000534,The '?' Motorist (1906) ,6.6,938,"https://m.media-amazon.com/images/M/MV5BODM3Mjc1M2UtZTk4OC00NzJlLWI4MTgtMTI3Y2E0YmFlMmZiXkEyXkFqcGdeQXVyNDE5MTU2MDE@._V1_UY268_CR1,0,182,268_AL_.jpg"
